sample,genotyper,A_1,A_2,B_1,B_2,C_1,C_2,DPA1_1,DPA1_2,DPB1_1,DPB1_2,DQA1_1,DQA1_2,DQB1_1,DQB1_2,DRB1_1,DRB1_2,DRB5_1,DRB5_2,DRB3_1,DRB3_2,DRB4_1,DRB4_2
A,Ground truth,A*01:01:01,A*03:01:01,B*27:05:07,B*39:01:01,C*02:02:02,C*12:03:01,DPA1*01:03:01,DPA1*01:03:01,DPB1*04:01:01,DPB1*04:02:01,DQA1*01:01:01,DQA1*05:05:01,DQB1*03:01:01,DQB1*05:01:01,DRB1*01:01:01,DRB1*11:01:01,NA,NA,DRB3*02:02:01,NA,NA,NA
B,Ground truth,A*01:01:01,A*25:01:01,B*18:01:01,B*49:01:01,C*07:01:01,C*12:03:01,DPA1*01:03:01,DPA1*01:03:01,DPB1*04:01:01,DPB1*23:01:01,DQA1*01:02:01,DQA1*01:02:01,DQB1*06:02:01,DQB1*06:04:01,DRB1*13:02:01,DRB1*15:01:01,NA,DRB5*01:01:01,DRB3*03:01:01,NA,NA,NA
C1,Ground truth,A*11:01:01,A*33:01:01,B*15:16:01,B*35:01:01,C*04:01:01,C*14:02:01,DPA1*01:03:01,DPA1*01:03:01,DPB1*02:01:19,DPB1*03:01:01,DQA1*01:01:01,DQA1*02:01:01,DQB1*02:02:01,DQB1*05:01:01,DRB1*01:01:01,DRB1*07:01:01,NA,NA,NA,NA,NA,DRB4*01:03:01
C2,Ground truth,A*11:01:01,A*33:01:01,B*15:16:01,B*35:01:01,C*04:01:01,C*14:02:01,DPA1*01:03:01,DPA1*01:03:01,DPB1*02:01:19,DPB1*03:01:01,DQA1*01:01:01,DQA1*02:01:01,DQB1*02:02:01,DQB1*05:01:01,DRB1*01:01:01,DRB1*07:01:01,NA,NA,NA,NA,NA,DRB4*01:03:01
Ck,Ground truth,A*11:01:01,A*33:01:01,B*15:16:01,B*35:01:01,C*04:01:01,C*14:02:01,DPA1*01:03:01,DPA1*01:03:01,DPB1*02:01:19,DPB1*03:01:01,DQA1*01:01:01,DQA1*02:01:01,DQB1*02:02:01,DQB1*05:01:01,DRB1*01:01:01,DRB1*07:01:01,NA,NA,NA,NA,NA,DRB4*01:03:01
E,Ground truth,A*03:01:01,A*26:01:01,B*35:01:01,B*57:03:01,C*06:02:01,C*18:02:01,DPA1*01:03:01,DPA1*01:03:01,DPB1*02:01:02,DPB1*18:01:01,DQA1*01:02:01,DQA1*01:02:01,DQB1*06:02:01,DQB1*06:09:01,DRB1*11:01:02,DRB1*13:02:01,NA,NA,DRB3*02:02:01,DRB3*03:01:01,NA,NA
F,Ground truth,A*02:01:01,A*33:01:01,B*14:02:01,B*45:01:01,C*08:02:01,C*16:01:01,DPA1*01:03:01,DPA1*02:01:08,DPB1*01:01:01,DPB1*04:01:01,DQA1*01:03:01,DQA1*02:01:01,DQB1*02:02:01,DQB1*06:03:01,DRB1*07:01:01,DRB1*13:01:01,NA,NA,DRB3*01:01:02,NA,NA,DRB4*01:01:01
G,Ground truth,A*29:02:01,A*74:01:01,B*44:03:01,B*82:01:01,C*03:02:02,C*16:01:01,DPA1*01:03:01,DPA1*03:01:01,DPB1*04:01:01,DPB1*40:01:01,DQA1*01:02:01,DQA1*02:01:01,DQB1*02:02:01,DQB1*06:02:01,DRB1*07:01:01,DRB1*11:01:02,NA,NA,DRB3*03:01:01,NA,NA,DRB4*01:01:01
H,Ground truth,A*02:01:01,A*23:17:01,B*15:03:01,B*44:02:01,C*02:10:01,C*05:01:01,DPA1*01:03:01,DPA1*02:01:01,DPB1*03:01:01,DPB1*13:01:01,DQA1*01:01:02,DQA1*05:05:01,DQB1*03:01:01,DQB1*05:01:01,DRB1*01:02:01,DRB1*11:03:01,NA,NA,DRB3*02:02:01,NA,NA,NA
J,Ground truth,A*02:01:01,A*03:02:01,B*40:01:02,B*44:02:01,C*03:04:01,C*05:01:01,DPA1*01:03:01,DPA1*02:01:01,DPB1*04:01:01,DPB1*09:01:01,DQA1*03:03:01,DQA1*05:05:01,DQB1*03:01:01,DQB1*03:01:01,DRB1*04:01:01,DRB1*08:04:01,NA,NA,NA,NA,NA,DRB4*01:03:01
K,Ground truth,A*11:01:01,A*32:01:01,B*07:02:01,B*35:01:01,C*04:01:01,C*07:02:01,DPA1*01:03:01,DPA1*01:03:01,DPB1*04:01:01,DPB1*04:01:01,DQA1*01:01:01,DQA1*01:02:01,DQB1*05:01:01,DQB1*06:02:01,DRB1*01:01:01,DRB1*15:01:01,NA,DRB5*01:01:01,NA,NA,NA,NA
L,Ground truth,A*02:01:01,A*30:02:01,B*18:01:01,B*57:01:01,C*05:01:01,C*06:02:01,DPA1*01:03:01,DPA1*01:03:01,DPB1*02:02:01,DPB1*04:01:01,DQA1*02:01:01,DQA1*05:01:01,DQB1*02:01:01,DQB1*03:03:02,DRB1*03:01:01,DRB1*07:01:01,NA,NA,DRB3*02:02:01,NA,NA,DRB4*01:03:01:02N
M,Ground truth,A*03:01:01,A*03:01:01,B*18:01:01,B*35:01:01,C*04:01:01,C*07:01:01,DPA1*01:03:01,DPA1*01:03:01,DPB1*02:01:02,DPB1*04:02:01,DQA1*01:04:01,DQA1*03:02:01,DQB1*03:03:02,DQB1*05:03:01,DRB1*09:01:02,DRB1*14:54:01,NA,NA,DRB3*02:02:01,NA,NA,DRB4*01:03:02
N,Ground truth,A*02:01:01,A*25:01:01,B*18:01:01,B*40:01:02,C*03:04:01,C*12:03:01,DPA1*01:03:01,DPA1*02:02:02,DPB1*01:01:01,DPB1*04:01:01,DQA1*02:01:01,DQA1*03:01:01,DQB1*02:02:01,DQB1*03:02:01,DRB1*04:01:01,DRB1*07:01:01,NA,NA,NA,NA,DRB4*01:01:01,DRB4*01:03:01
O,Ground truth,A*01:01:01,A*02:01:01,B*37:01:01,B*44:03:01,C*06:02:01,C*16:01:01,DPA1*02:01:01,DPA1*02:01:02,DPB1*01:01:01,DPB1*11:01:01,DQA1*01:02:01,DQA1*02:01:01,DQB1*02:02:01,DQB1*06:02:01,DRB1*07:01:01,DRB1*15:01:01,NA,DRB5*01:01:01,NA,NA,DRB4*01:01:01,NA
P,Ground truth,A*33:03:01,A*68:02:01,B*15:10:01,B*53:01:01,C*03:04:02,C*04:01:01,DPA1*02:01:01,DPA1*02:02:02,DPB1*01:01:01,DPB1*01:01:01,DQA1*04:01:02,DQA1*04:01:02,DQB1*03:19:01,DQB1*03:19:01,DRB1*08:04:01,DRB1*08:04:01,NA,NA,NA,NA,NA,NA
R,Ground truth,A*01:01:01,A*29:01:01,B*08:01:01,B*44:02:01,C*05:01:01,C*07:01:01,DPA1*01:03:01,DPA1*01:03:01,DPB1*04:01:01,DPB1*06:01:01,DQA1*01:02:01,DQA1*05:01:01,DQB1*02:01:01,DQB1*06:02:01,DRB1*03:01:01,DRB1*15:01:01,NA,DRB5*01:01:01,DRB3*01:01:02,NA,NA,NA
T,Ground truth,A*30:01:01,A*34:02:01,B*13:02:01,B*42:01:01,C*17:01:01,C*18:02:01,DPA1*02:02:02,DPA1*03:01:01,DPB1*01:01:01,DPB1*105:01:01,DQA1*01:02:01,DQA1*01:02:01,DQB1*05:02:01,DQB1*06:02:01,DRB1*13:02:01,DRB1*15:03:01,NA,DRB5*01:01:01,DRB3*03:01:01,NA,NA,NA
U,Ground truth,A*24:02:01,A*31:01:02,B*07:02:01,B*35:01:01,C*04:01:01,C*07:02:01,DPA1*01:03:01,DPA1*01:03:01,DPB1*04:01:01,DPB1*04:01:01,DQA1*01:01:01,DQA1*01:02:01,DQB1*05:01:01,DQB1*06:02:01,DRB1*01:01:01,DRB1*15:01:01,NA,DRB5*01:01:01,NA,NA,NA,NA
W,Ground truth,A*02:01:01,A*33:03:01,B*40:01:02,B*58:01:01,C*03:02:02,C*03:04:01,DPA1*01:03:01,DPA1*02:12,DPB1*04:02:01,DPB1*85:01:01,DQA1*01:02:01,DQA1*01:02:02,DQB1*05:02:01,DQB1*06:04:01,DRB1*13:02:01,DRB1*16:02:01,NA,DRB5*02:21,DRB3*03:01:01,NA,NA,NA
A,arcasHLA,A*01:01:108,A*03:01:01,B*27:05:07,B*27:05:07,C*02:02:02,C*12:03:01,DPA1*01:03:01,DPA1*01:03:01,DPB1*677:01,DPB1*04:02:01,DQA1*05:05:01,DQA1*01:01:01,DQB1*05:45,DQB1*03:01:08,DRB1*11:01:01,DRB1*01:01:01,NA,NA,DRB3*02:02:01,DRB3*02:02:01,NA,NA
B,arcasHLA,A*01:01:71,A*25:01:01,B*18:01:01,B*49:01:01,C*07:01:31,C*12:03:01,DPA1*01:03:01,DPA1*01:03:01,DPB1*04:01:01,DPB1*23:01:01,DQA1*01:02:01,DQA1*01:02:01,DQB1*06:112N,DQB1*06:88,DRB1*13:02:01,DRB1*13:02:01,DRB5*01:01:01,DRB5*01:01:01,NA,NA,NA,NA
C1,arcasHLA,A*11:303,A*33:01:15,B*15:16:01,B*15:16:04,C*04:01:01,C*14:02:01,DPA1*01:03:01,DPA1*01:03:01,DPB1*02:01:19,DPB1*124:01:02,DQA1*02:01:01,DQA1*02:01:01,DQB1*02:02:12,DQB1*05:45,DRB1*07:01:01,DRB1*01:01:01,NA,NA,NA,NA,DRB4*03:01N,DRB4*03:01N
C2,arcasHLA,A*11:363,A*33:01:01,B*15:16:01,B*35:454,C*04:01:01,C*14:02:03,DPA1*01:03:01,DPA1*01:03:01,DPB1*02:01:19,DPB1*124:01:02,DQA1*02:01:01,DQA1*02:01:01,DQB1*02:02:12,DQB1*05:45,DRB1*07:01:01,DRB1*01:01:01,NA,NA,NA,NA,DRB4*03:01N,DRB4*03:01N
Ck,arcasHLA,A*11:01:81,A*33:01:01,B*15:16:04,B*15:16:04,C*14:02:03,C*04:01:01,DPA1*01:03:01,DPA1*01:03:01,DPB1*124:01:02,DPB1*02:01:19,DQA1*02:01:01,DQA1*02:01:01,DQB1*02:02:12,DQB1*05:45,DRB1*07:01:01,DRB1*07:01:01,NA,NA,NA,NA,DRB4*03:01N,DRB4*03:01N
E,arcasHLA,A*03:48,A*26:01:01,B*35:330,B*57:03:01,C*04:01:88,C*06:234,DPA1*01:03:01,DPA1*01:03:01,DPB1*18:01:01,DPB1*18:01:01,DQA1*01:02:01,DQA1*01:02:01,DQB1*06:115,DQB1*06:88,DRB1*11:01:02,DRB1*13:02:01,NA,NA,DRB3*03:01:01,DRB3*02:02:01,NA,NA
F,arcasHLA,A*33:01:15,A*02:864:01,B*14:02:01,B*45:01:01,C*08:02:01,C*16:01:01,DPA1*02:01:08,DPA1*01:03:01,DPB1*04:01:01,DPB1*01:01:01,DQA1*02:01:01,DQA1*02:01:01,DQB1*02:02:12,DQB1*06:112N,DRB1*07:01:01,DRB1*13:01:01,NA,NA,DRB3*01:01:02,DRB3*01:01:02,DRB4*01:01:01,DRB4*01:01:01
G,arcasHLA,A*29:02:01,A*74:01:01,B*82:01:01,B*82:01:01,C*16:161,C*03:02:02,DPA1*01:03:01,DPA1*01:03:01,DPB1*40:01:01,DPB1*39:01:02,DQA1*02:01:01,DQA1*02:01:01,DQB1*02:02:12,DQB1*06:112N,DRB1*11:01:02,DRB1*07:01:01,NA,NA,NA,NA,DRB4*01:01:01,DRB4*01:01:01
H,arcasHLA,A*02:786,A*24:459,B*44:02:38,B*15:03:01,C*05:01:01,C*02:10:01,DPA1*02:01:01,DPA1*01:03:01,DPB1*03:01:01,DPB1*13:01:01,DQA1*05:05:01,DQA1*01:01:02,DQB1*05:45,DQB1*03:01:46,DRB1*01:02:01,DRB1*11:03:01,NA,NA,NA,NA,NA,NA
J,arcasHLA,A*02:786,A*03:02:01,B*44:329,B*40:01:02,C*03:04:04,C*05:01:01,DPA1*01:03:01,DPA1*02:01:01,DPB1*09:01:01,DPB1*04:01:01,DQA1*03:04,DQA1*03:03:01,DQB1*03:01:21,DQB1*03:01:46,DRB1*04:01:01,DRB1*08:04:01,NA,NA,NA,NA,NA,NA
K,arcasHLA,A*11:01:36,A*32:01:01,B*35:01:01,B*07:02:01,C*04:01:01,C*07:02:01,DPA1*01:03:01,DPA1*01:03:01,DPB1*677:01,DPB1*04:01:01,DQA1*01:01:01,DQA1*01:02:01,DQB1*05:45,DQB1*06:107,DRB1*15:01:01,DRB1*01:01:01,DRB5*01:01:01,DRB5*01:01:01,NA,NA,NA,NA
L,arcasHLA,A*02:786,A*30:02:01,B*18:01:01,B*57:01:01,C*06:234,C*05:01:01,DPA1*01:03:01,DPA1*01:03:01,DPB1*677:01,DPB1*02:02:01,DQA1*02:01:01,DQA1*02:01:01,DQB1*02:02:12,DQB1*03:03:08,DRB1*07:01:01,DRB1*03:01:01,NA,NA,NA,NA,DRB4*03:01N,DRB4*03:01N
M,arcasHLA,A*03:01:01,A*03:340,B*18:01:01,B*35:01:01,C*04:01:01,C*07:01:50,DPA1*01:03:01,DPA1*01:03:01,DPB1*02:01:02,DPB1*04:02:01,DQA1*03:02:01,DQA1*03:02:01,DQB1*03:96,DQB1*05:03:01,DRB1*09:01:02,DRB1*14:54:01,NA,NA,NA,NA,DRB4*01:03:02,DRB4*01:03:02
N,arcasHLA,A*02:864:01,A*25:01:01,B*18:01:01,B*40:01:02,C*03:04:04,C*12:03:01,DPA1*02:02:02,DPA1*01:03:01,DPB1*04:01:01,DPB1*01:01:01,DQA1*02:01:01,DQA1*03:01:01,DQB1*02:02:12,DQB1*03:02:11,DRB1*07:01:01,DRB1*04:01:01,NA,NA,NA,NA,DRB4*01:03:01,DRB4*01:03:01
O,arcasHLA,A*01:01:108,A*02:786,B*44:03:32,B*37:01:01,C*16:01:01,C*06:02:01,DPA1*02:01:01,DPA1*02:01:02,DPB1*11:01:01,DPB1*01:01:01,DQA1*02:01:01,DQA1*02:01:01,DQB1*02:02:12,DQB1*06:115,DRB1*07:01:01,DRB1*15:01:01,DRB5*01:01:01,DRB5*01:01:01,NA,NA,NA,NA
P,arcasHLA,A*31:20,A*68:02:14,B*15:10:01,B*53:01:01,C*04:01:64,C*03:04:02,DPA1*02:02:02,DPA1*02:01:01,DPB1*01:01:01,DPB1*01:01:01,DQA1*04:01:02,DQA1*04:01:02,DQB1*03:19:01,DQB1*03:01:08,DRB1*08:04:01,DRB1*08:04:01,NA,NA,NA,NA,NA,NA
Q,arcasHLA,A*26:168,A*03:01:01,B*38:01:01,B*37:01:01,C*06:02:38,C*12:195:02,DPA1*01:03:01,DPA1*02:01:02,DPB1*01:01:01,DPB1*01:01:01,DQA1*05:05:01,DQA1*05:05:01,DQB1*03:01:08,DQB1*03:01:46,DRB1*11:01:01,DRB1*11:04:01,NA,NA,NA,NA,NA,NA
R,arcasHLA,A*01:37:01,A*29:01:01,B*08:01:01,B*44:02:40,C*07:660,C*05:01:01,DPA1*01:03:01,DPA1*01:03:01,DPB1*04:01:01,DPB1*06:01:01,DQA1*05:01:01,DQA1*01:02:01,DQB1*02:02:12,DQB1*06:107,DRB1*15:01:01,DRB1*03:01:01,DRB5*01:01:01,DRB5*01:01:01,NA,NA,NA,NA
S1,arcasHLA,A*02:786,A*68:01:01,B*44:439,B*14:02:01,C*05:01:01,C*08:02:01,DPA1*02:01:01,DPA1*01:03:01,DPB1*05:01:01,DPB1*04:01:01,DQA1*03:03:01,DQA1*03:03:01,DQB1*03:116,DQB1*06:88,DRB1*04:01:01,DRB1*13:02:01,NA,NA,NA,NA,DRB4*03:01N,DRB4*03:01N
S2,arcasHLA,A*02:786,A*68:243,B*14:02:01,B*44:02:01,C*05:01:01,C*08:02:01,DPA1*02:01:01,DPA1*01:03:01,DPB1*677:01,DPB1*05:01:01,DQA1*03:03:01,DQA1*03:03:01,DQB1*03:01:08,DQB1*06:18:02,DRB1*04:01:01,DRB1*13:02:01,NA,NA,DRB3*03:01:01,DRB3*03:01:01,DRB4*03:01N,DRB4*03:01N
Sk1,arcasHLA,A*02:786,A*68:243,B*14:02:01,B*44:02:01,C*05:01:01,C*05:01:01,DPA1*02:01:01,DPA1*01:03:01,DPB1*677:01,DPB1*05:01:01,DQA1*03:03:01,DQA1*03:03:01,DQB1*03:01:08,DQB1*06:88,DRB1*04:01:01,DRB1*13:02:01,NA,NA,DRB3*03:01:01,DRB3*03:01:01,DRB4*03:01N,DRB4*03:01N
Sk2,arcasHLA,A*02:786,A*68:243,B*44:02:41,B*14:02:01,C*05:01:01,C*08:02:01,DPA1*02:01:01,DPA1*01:03:01,DPB1*677:01,DPB1*05:01:01,DQA1*03:03:01,DQA1*03:03:01,DQB1*03:01:21,DQB1*06:18:02,DRB1*04:01:01,DRB1*13:02:01,NA,NA,DRB3*03:01:01,DRB3*03:01:01,DRB4*03:01N,DRB4*03:01N
T,arcasHLA,A*30:01:01,A*34:02:01,B*13:02:01,B*42:01:01,C*17:01:01,C*18:02:01,DPA1*02:02:02,DPA1*03:01:01,DPB1*105:01:01,DPB1*01:01:01,DQA1*01:02:01,DQA1*01:02:01,DQB1*06:02:11,DQB1*05:46,DRB1*13:02:01,DRB1*13:02:01,DRB5*01:01:01,DRB5*01:01:01,DRB3*03:01:01,DRB3*03:01:01,NA,NA
U,arcasHLA,A*24:443,A*31:20,B*07:02:73,B*35:01:01,C*04:01:125,C*07:744,DPA1*01:03:01,DPA1*01:03:01,DPB1*677:01,DPB1*04:01:01,DQA1*01:23,DQA1*01:43,DQB1*05:45,DQB1*06:115,DRB1*15:01:01,DRB1*01:01:01,DRB5*01:01:01,DRB5*01:01:01,NA,NA,NA,NA
W,arcasHLA,A*33:151,A*02:864:01,B*40:01:02,B*58:01:01,C*03:04:13,C*03:02:02,DPA1*02:12,DPA1*02:12,DPB1*85:01:01,DPB1*85:01:01,DQA1*01:02:01,DQA1*01:02:02,DQB1*05:47,DQB1*06:88,DRB1*13:02:01,DRB1*13:02:01,DRB5*02:02:01,DRB5*01:08:01,NA,NA,NA,NA
A,HLAminer,A*01:313,A*11:01,B*39:98,B*38:01,C*02:02,C*12:293,DPA1*01:03,NA,DPB1*02:01,DPB1*04:02,DQA1*01:01,DQA1*05:01,NA,NA,DRB1*01:01,DRB1*04:03,NA,NA,DRB3*02:02,DRB3*03:01,NA,NA
B,HLAminer,A*25:56,A*03:01,B*40:06,B*49:01,NA,NA,DPA1*01:03,DPA1*03:01,DPB1*04:01,DPB1*1106:01,DQA1*01:02,NA,NA,NA,DRB1*15:07,DRB1*09:01,DRB5*01:01,DRB5*02:02,DRB3*03:01,DRB3*02:02,NA,NA
C1,HLAminer,A*31:145,A*33:01,B*40:06,B*35:01,C*04:01,C*03:03,DPA1*01:03,DPA1*03:01,DPB1*1130:01,DPB1*04:02,DQA1*03:01,DQA1*01:01,DQB1*05:01,DQB1*02:01,DRB1*07:01,DRB1*01:01,NA,NA,DRB3*03:01,DRB3*02:01,DRB4*01:01,NA
C2,HLAminer,A*34:01,A*33:03,B*40:06,NA,C*04:01,NA,DPA1*01:03,DPA1*03:06,DPB1*1128:01,DPB1*13:01,DQA1*03:01,DQA1*01:01,DQB1*02:12,NA,DRB1*07:01,DRB1*01:13,NA,NA,DRB3*03:01,DRB3*02:01,DRB4*01:01,NA
Ck,HLAminer,A*03:01,A*11:01,B*40:06,B*15:16,C*04:23,C*14:02,DPA1*01:27,DPA1*03:06,DPB1*10:01,DPB1*03:01,DQA1*03:10,DQA1*02:10,NA,NA,DRB1*07:01,DRB1*04:04,NA,NA,DRB3*03:01,DRB3*02:01,DRB4*01:01,NA
E,HLAminer,A*03:01,A*26:01,NA,NA,C*12:04,NA,DPA1*01:03,NA,DPB1*15:01,DPB1*04:01,DQA1*01:20,NA,NA,NA,DRB1*11:05,DRB1*13:01,NA,NA,NA,NA,NA,NA
F,HLAminer,A*33:03,A*02:01,B*40:06,B*14:73,C*16:152,C*05:01,DPA1*02:02,DPA1*04:01,DPB1*01:01,DPB1*440:01,DQA1*03:01,DQA1*02:10,NA,NA,DRB1*07:01,DRB1*11:02,NA,NA,DRB3*01:12,NA,DRB4*01:01,NA
G,HLAminer,A*32:01,A*29:09,B*82:01,B*51:01,C*06:243,C*16:02,DPA1*03:01,NA,DPB1*04:01,DPB1*03:01,DQA1*02:01,DQA1*03:01,NA,NA,DRB1*07:28,NA,NA,NA,DRB3*03:01,NA,NA,NA
H,HLAminer,A*11:01,NA,B*44:02,NA,NA,NA,DPA1*02:01,NA,DPB1*01:01,DPB1*14:01,DQA1*01:01,NA,NA,NA,NA,NA,NA,NA,NA,NA,NA,NA
J,HLAminer,A*02:01,NA,B*44:03,NA,NA,NA,DPA1*02:01,DPA1*04:01,DPB1*03:01,DPB1*06:01,DQA1*03:15,DQA1*02:01,NA,NA,DRB1*04:05,DRB1*11:01,NA,NA,NA,NA,DRB4*01:01,NA
K,HLAminer,A*32:01,A*74:01,B*40:06,B*07:41,C*04:01,NA,DPA1*01:03,DPA1*03:01,DPB1*04:01,DPB1*02:01,DQA1*01:02; DQA1*01:01,NA,NA,NA,DRB1*01:01,DRB1*04:14,DRB5*01:01,DRB5*02:02,DRB3*02:11,NA,NA,NA
L,HLAminer,A*02:01,A*03:01,B*40:06,B*57:137,C*05:174,C*06:87,DPA1*01:03,NA,DPB1*04:02,DPB1*02:01,DQA1*03:01,DQA1*02:07,NA,NA,DRB1*07:01,DRB1*14:02,NA,NA,DRB3*02:02,DRB3*03:01,NA,NA
M,HLAminer,A*11:01,A*03:01,NA,NA,NA,NA,DPA1*01:03,NA,DPB1*51:01,DPB1*04:02,DQA1*03:01,DQA1*02:11,DQB1*05:03,NA,DRB1*09:01,DRB1*16:68,NA,NA,DRB3*02:02,DRB3*01:01,DRB4*01:135,NA
N,HLAminer,A*25:67,A*33:03,B*40:06,B*39:98,C*12:03,C*07:75,DPA1*02:02,DPA1*03:01,DPB1*127:01,DPB1*01:01,DQA1*03:01,DQA1*02:01,NA,NA,DRB1*07:01,DRB1*04:01,NA,NA,DRB3*03:01,NA,DRB4*01:01,NA
O,HLAminer,A*01:01,A*03:01,B*37:69,B*40:06,C*06:02,C*16:18,DPA1*02:01,DPA1*01:03,DPB1*02:01,DPB1*04:01,DQA1*03:01,DQA1*02:12,NA,NA,DRB1*07:27,DRB1*15:01,DRB5*01:01,DRB5*02:02,DRB3*03:01,DRB3*02:02,DRB4*01:01,NA
P,HLAminer,A*68:02,A*33:03,B*35:415,B*53:01,C*03:04,C*04:01,DPA1*02:02,DPA1*01:03,DPB1*14:01,DPB1*05:01,DQA1*04:01,DQA1*06:01,DQB1*03:187,NA,DRB1*08:09,DRB1*11:01,NA,NA,DRB3*02:02,DRB3*01:84,NA,NA
Q,HLAminer,NA,NA,NA,NA,NA,NA,DPA1*02:01,NA,DPB1*01:01,DPB1*90:01,NA,NA,NA,NA,NA,NA,NA,NA,NA,NA,NA,NA
R,HLAminer,A*03:01,A*11:01,B*08:01,B*40:06,C*05:01,NA,NA,NA,DPB1*02:01,DPB1*06:01,DQA1*05:01,NA,NA,NA,NA,NA,DRB5*01:01,NA,NA,NA,NA,NA
S1,HLAminer,A*68:01,A*02:01,B*14:82,B*40:06,C*05:01,C*08:02,DPA1*02:01,DPA1*01:03,DPB1*05:01,DPB1*03:01,DQA1*03:01,DQA1*02:11,NA,NA,DRB1*04:08,DRB1*01:03,NA,NA,DRB3*03:01,NA,DRB4*01:01,NA
S2,HLAminer,A*02:01,A*68:226,B*14:01,B*67:01,C*08:02,C*05:08,DPA1*02:01,DPA1*01:03,DPB1*05:01,DPB1*63:01,DQA1*03:01,DQA1*02:01,NA,NA,DRB1*04:301,DRB1*01:112,NA,NA,DRB3*03:01,DRB3*02:01,DRB4*01:01,NA
Sk1,HLAminer,A*03:01,A*11:01,B*40:06,B*14:02,C*08:02,C*05:240,DPA1*01:03,DPA1*02:01,DPB1*03:01,DPB1*19:01,DQA1*03:01,DQA1*02:01,NA,NA,DRB1*04:01,DRB1*01:01,NA,NA,DRB3*03:01,DRB3*02:01,DRB4*01:01,NA
Sk2,HLAminer,A*02:01,A*68:02,B*40:06,B*14:01,C*08:02,C*04:01,DPA1*02:01,DPA1*04:01,DPB1*05:01,DPB1*03:01,DQA1*02:01,DQA1*01:02,DQB1*06:09,DQB1*03:01,DRB1*04:01,DRB1*01:01,NA,NA,DRB3*03:01,DRB3*02:01,DRB4*01:01,NA
T,HLAminer,A*34:02,A*33:03,B*42:02,B*08:01,C*17:01,C*04:01,DPA1*03:01,DPA1*01:03,DPB1*04:01,DPB1*71:01,DQA1*01:02,DQA1*02:01,DQB1*05:02,NA,DRB1*15:02,DRB1*16:04,DRB5*01:01,DRB5*02:02,DRB3*03:01,DRB3*01:01,NA,NA
U,HLAminer,A*33:08,A*31:01,B*07:02,B*40:06,C*04:01,NA,DPA1*01:20,DPA1*03:06,DPB1*04:01,DPB1*02:01,DQA1*01:01,NA,NA,NA,DRB1*01:01,DRB1*04:15,DRB5*01:01,DRB5*02:02,DRB3*03:01,DRB3*02:01,NA,NA
W,HLAminer,NA,NA,NA,NA,NA,NA,DPA1*02:02,NA,DPB1*27:01,DPB1*04:02,DQA1*01:02,NA,NA,NA,NA,NA,DRB5*02:02,NA,NA,NA,NA,NA
A,PHLAT,A*01:01:01,A*03:01:01,B*27:05:07,B*39:01:01,C*02:02:02,C*12:03:01,NA,NA,NA,NA,DQA1*01:01:01,DQA1*05:05:01,DQB1*03:01:01,DQB1*05:01:01,DRB1*01:01:01,DRB1*11:01:01,NA,NA,NA,NA,NA,NA
B,PHLAT,A*01:01:01,A*25:01:01,B*18:01:01,B*49:01:01,C*07:01:01,C*12:03:01,NA,NA,NA,NA,DQA1*01:02:01,DQA1*01:02:01,DQB1*06:02:01,DQB1*06:04:01,DRB1*13:02:01,DRB1*15:01:17,NA,NA,NA,NA,NA,NA
C1,PHLAT,A*11:01:01,A*33:01:01,B*15:16,B*35:01,C*04:01,C*14:02,NA,NA,NA,NA,DQA1*01:01:01,DQA1*02:01,DQB1*02:02,DQB1*05:01:01,DRB1*01:01:01,DRB1*07:01:01,NA,NA,NA,NA,NA,NA
C2,PHLAT,A*11:01:01,A*33:01:01,B*15:16,B*35:01,C*04:01,C*14:02,NA,NA,NA,NA,DQA1*01:01:01,DQA1*02:01,DQB1*02:02,DQB1*05:01:01,DRB1*01:01:01,DRB1*07:01,NA,NA,NA,NA,NA,NA
Ck,PHLAT,A*11:01:01,A*33:01:01,B*15:16,B*35:01,C*04:01,C*14:02,NA,NA,NA,NA,DQA1*02:01,DQA1*02:01,DQB1*02:02,DQB1*05:01:01,DRB1*01:01:01,DRB1*07:01:01,NA,NA,NA,NA,NA,NA
E,PHLAT,A*03:01,A*26:01:01,B*35:03:04,B*57:12,C*06:02:01,C*06:02:08,NA,NA,NA,NA,DQA1*01:02:01,DQA1*01:02:01,DQB1*06:09,DQB1*06:13,DRB1*11:01:02,DRB1*13:02:01,NA,NA,NA,NA,NA,NA
F,PHLAT,A*02:01,A*33:01,B*14:02:01,B*45:01,C*08:02,C*16:02,NA,NA,NA,NA,DQA1*02:01,DQA1*02:01,DQB1*02:02,DQB1*06:03:01,DRB1*07:01:01,DRB1*13:01:01,NA,NA,NA,NA,NA,NA
G,PHLAT,A*29:02:01,A*74:01,B*44:03:01,B*82:01,C*03:02:02,C*16:01:01,NA,NA,NA,NA,DQA1*02:01,DQA1*02:01,DQB1*02:01:01,DQB1*06:02:01,DRB1*07:01:01,DRB1*11:01:02,NA,NA,NA,NA,NA,NA
H,PHLAT,A*02:01,A*23:01:01,B*15:16:01,B*44:02:01,C*02:10,C*05:01:01,NA,NA,NA,NA,DQA1*01:01:02,DQA1*05:05:01,DQB1*03:01:01,DQB1*05:01:01,DRB1*01:02:01,DRB1*11:03,NA,NA,NA,NA,NA,NA
J,PHLAT,A*02:01:01,A*03:02:01,B*40:01:02,B*44:02:01,C*03:04,C*05:01,NA,NA,NA,NA,DQA1*03:03:01,DQA1*03:03:01,DQB1*03:01:01,DQB1*03:01:01,DRB1*04:01:01,DRB1*08:04:01,NA,NA,NA,NA,NA,NA
K,PHLAT,A*11:01:01,A*32:01:01,B*07:02,B*35:01,C*04:01:01,C*07:46,NA,NA,NA,NA,DQA1*01:01:01,DQA1*01:02:01,DQB1*05:01:03,DQB1*06:02:01,DRB1*01:01,DRB1*15:01,NA,NA,NA,NA,NA,NA
L,PHLAT,A*02:01:01,A*30:51,B*18:01:01,B*57:01:01,C*05:01:01,C*06:02:01,NA,NA,NA,NA,DQA1*02:01,DQA1*02:01,DQB1*02:01:01,DQB1*03:03:02,DRB1*03:01:01,DRB1*07:01:01,NA,NA,NA,NA,NA,NA
M,PHLAT,A*03:01:01,A*03:01:01,B*18:01,B*35:01,C*04:01:01,C*07:01:05,NA,NA,NA,NA,DQA1*03:02,DQA1*03:02,DQB1*03:03:02,DQB1*05:03:01,DRB1*09:01:02,DRB1*14:54:01,NA,NA,NA,NA,NA,NA
N,PHLAT,A*02:01,A*25:01,B*18:01:01,B*40:01:02,C*03:04,C*12:03,NA,NA,NA,NA,DQA1*02:01,DQA1*03:01:01,DQB1*02:02,DQB1*03:02:01,DRB1*04:01:01,DRB1*07:01:01,NA,NA,NA,NA,NA,NA
O,PHLAT,A*01:01,A*02:01,B*37:01:01,B*44:03:01,C*06:02:01,C*16:44,NA,NA,NA,NA,DQA1*02:01,DQA1*02:01,DQB1*02:02,DQB1*06:02:01,DRB1*07:01:01,DRB1*15:01:01,NA,NA,NA,NA,NA,NA
P,PHLAT,A*33:03:01,A*68:02:01,B*15:10:01,B*53:01:01,C*03:04,C*04:01,NA,NA,NA,NA,DQA1*04:01:02,DQA1*04:01:02,DQB1*03:19,DQB1*03:19,DRB1*08:04:01,DRB1*08:04:01,NA,NA,NA,NA,NA,NA
Q,PHLAT,A*03:01:01,A*26:01:01,B*37:01:01,B*38:01:01,C*06:02:01,C*12:03:01,NA,NA,NA,NA,DQA1*05:05:01,DQA1*05:05:01,DQB1*03:01:01,DQB1*03:01:01,DRB1*11:01:01,DRB1*11:04:01,NA,NA,NA,NA,NA,NA
R,PHLAT,A*01:01:01,A*29:01:01,B*08:01:01,B*44:02:01,C*05:01:01,C*07:132,NA,NA,NA,NA,DQA1*01:02:01,DQA1*05:01:01,DQB1*02:01:01,DQB1*06:02:01,DRB1*03:01:01,DRB1*15:01:17,NA,NA,NA,NA,NA,NA
S1,PHLAT,A*02:01,A*68:01,B*14:02:01,B*44:02:01,C*05:01:01,C*08:02:01,NA,NA,NA,NA,DQA1*03:03:01,DQA1*03:03:01,DQB1*03:01:01,DQB1*06:09,DRB1*04:01:01,DRB1*13:02:01,NA,NA,NA,NA,NA,NA
S2,PHLAT,A*02:01,A*68:01,B*14:02:01,B*44:02:01,C*05:01:01,C*08:02:01,NA,NA,NA,NA,DQA1*03:03:01,DQA1*03:03:01,DQB1*03:01:01,DQB1*06:09,DRB1*04:13,DRB1*13:02:01,NA,NA,NA,NA,NA,NA
Sk1,PHLAT,A*02:05:01,A*02:69,B*14:02:01,B*44:02:01,C*05:01:01,C*08:02:01,NA,NA,NA,NA,DQA1*03:03:01,DQA1*03:03:01,DQB1*03:01:01,DQB1*06:09,DRB1*04:72:01,DRB1*14:19,NA,NA,NA,NA,NA,NA
Sk2,PHLAT,A*02:01,A*68:01,B*14:02:01,B*44:02:01,C*08:02:01,C*08:02:01,NA,NA,NA,NA,DQA1*03:03:01,DQA1*03:03:01,DQB1*03:01:01,DQB1*06:09,DRB1*04:01:01,DRB1*13:02:01,NA,NA,NA,NA,NA,NA
T,PHLAT,A*30:01:01,A*34:02:01,B*13:02:01,B*42:01:01,C*17:01:01,C*18:02,NA,NA,NA,NA,DQA1*01:02:01,DQA1*01:02:01,DQB1*05:02:01,DQB1*06:02:01,DRB1*13:02:01,DRB1*15:01:17,NA,NA,NA,NA,NA,NA
U,PHLAT,A*24:02:01,A*31:01:02,B*07:02,B*35:01,C*04:01:01,C*07:87,NA,NA,NA,NA,DQA1*01:01:01,DQA1*01:02:01,DQB1*05:01:01,DQB1*06:02:01,DRB1*01:01,DRB1*15:01,NA,NA,NA,NA,NA,NA
W,PHLAT,A*02:01:01,A*33:03:01,B*40:01:02,B*58:02,C*03:04:01,C*03:04:01,NA,NA,NA,NA,DQA1*01:02:01,DQA1*01:02,DQB1*05:02:01,DQB1*06:09,DRB1*13:02,DRB1*16:02,NA,NA,NA,NA,NA,NA
A,OptiType,A*01:01,A*03:12,B*39:01,B*27:05,C*12:03,C*02:02,NA,NA,NA,NA,NA,NA,NA,NA,NA,NA,NA,NA,NA,NA,NA,NA
B,OptiType,A*01:01,A*25:01,B*18:01,B*49:01,C*07:01,C*12:03,NA,NA,NA,NA,NA,NA,NA,NA,NA,NA,NA,NA,NA,NA,NA,NA
C1,OptiType,A*33:01,A*11:01,B*35:01,B*15:16,C*14:02,C*04:14,NA,NA,NA,NA,NA,NA,NA,NA,NA,NA,NA,NA,NA,NA,NA,NA
C2,OptiType,A*33:01,A*11:01,B*35:01,B*15:16,C*04:01,C*14:02,NA,NA,NA,NA,NA,NA,NA,NA,NA,NA,NA,NA,NA,NA,NA,NA
Ck,OptiType,A*33:01,A*11:01,B*35:01,B*15:16,C*04:01,C*14:02,NA,NA,NA,NA,NA,NA,NA,NA,NA,NA,NA,NA,NA,NA,NA,NA
E,OptiType,A*03:01,A*26:01,B*35:01,B*57:03,C*18:01,C*06:02,NA,NA,NA,NA,NA,NA,NA,NA,NA,NA,NA,NA,NA,NA,NA,NA
F,OptiType,A*02:01,A*33:01,B*45:01,B*14:02,C*16:01,C*08:02,NA,NA,NA,NA,NA,NA,NA,NA,NA,NA,NA,NA,NA,NA,NA,NA
G,OptiType,A*74:01,A*29:02,B*44:03,B*82:01,C*03:02,C*16:01,NA,NA,NA,NA,NA,NA,NA,NA,NA,NA,NA,NA,NA,NA,NA,NA
H,OptiType,A*23:01,A*02:01,B*15:03,B*44:02,C*02:10,C*05:01,NA,NA,NA,NA,NA,NA,NA,NA,NA,NA,NA,NA,NA,NA,NA,NA
J,OptiType,A*03:02,A*02:01,B*40:01,B*44:02,C*05:01,C*03:04,NA,NA,NA,NA,NA,NA,NA,NA,NA,NA,NA,NA,NA,NA,NA,NA
K,OptiType,A*11:01,A*32:01,B*35:01,B*07:02,C*07:02,C*04:01,NA,NA,NA,NA,NA,NA,NA,NA,NA,NA,NA,NA,NA,NA,NA,NA
L,OptiType,A*30:02,A*02:01,B*18:01,B*57:01,C*05:01,C*06:02,NA,NA,NA,NA,NA,NA,NA,NA,NA,NA,NA,NA,NA,NA,NA,NA
M,OptiType,A*03:01,A*03:01,B*35:01,B*18:01,C*07:01,C*04:01,NA,NA,NA,NA,NA,NA,NA,NA,NA,NA,NA,NA,NA,NA,NA,NA
N,OptiType,A*02:01,A*25:01,B*40:01,B*18:01,C*03:04,C*12:03,NA,NA,NA,NA,NA,NA,NA,NA,NA,NA,NA,NA,NA,NA,NA,NA
O,OptiType,A*02:01,A*01:01,B*44:03,B*37:01,C*06:02,C*16:01,NA,NA,NA,NA,NA,NA,NA,NA,NA,NA,NA,NA,NA,NA,NA,NA
P,OptiType,A*68:02,A*33:03,B*15:10,B*53:01,C*04:01,C*03:04,NA,NA,NA,NA,NA,NA,NA,NA,NA,NA,NA,NA,NA,NA,NA,NA
Q,OptiType,A*26:20,A*03:01,B*38:01,B*37:01,C*06:02,C*12:03,NA,NA,NA,NA,NA,NA,NA,NA,NA,NA,NA,NA,NA,NA,NA,NA
R,OptiType,A*29:01,A*01:01,B*08:01,B*44:02,C*05:01,C*07:01,NA,NA,NA,NA,NA,NA,NA,NA,NA,NA,NA,NA,NA,NA,NA,NA
S1,OptiType,A*02:01,A*68:01,B*14:02,B*44:02,C*05:01,C*08:27,NA,NA,NA,NA,NA,NA,NA,NA,NA,NA,NA,NA,NA,NA,NA,NA
S2,OptiType,A*68:01,A*02:01,B*44:02,B*14:02,C*05:01,C*08:03,NA,NA,NA,NA,NA,NA,NA,NA,NA,NA,NA,NA,NA,NA,NA,NA
Sk1,OptiType,A*02:01,A*68:01,B*14:02,B*44:02,C*08:27,C*05:01,NA,NA,NA,NA,NA,NA,NA,NA,NA,NA,NA,NA,NA,NA,NA,NA
Sk2,OptiType,A*68:01,A*02:01,B*44:02,B*14:02,C*05:01,C*08:06,NA,NA,NA,NA,NA,NA,NA,NA,NA,NA,NA,NA,NA,NA,NA,NA
T,OptiType,A*30:01,A*34:02,B*13:02,B*42:01,C*18:01,C*17:01,NA,NA,NA,NA,NA,NA,NA,NA,NA,NA,NA,NA,NA,NA,NA,NA
U,OptiType,A*31:01,A*24:02,B*35:01,B*07:02,C*07:02,C*04:01,NA,NA,NA,NA,NA,NA,NA,NA,NA,NA,NA,NA,NA,NA,NA,NA
W,OptiType,A*02:01,A*33:03,B*58:01,B*40:01,C*03:02,C*03:04,NA,NA,NA,NA,NA,NA,NA,NA,NA,NA,NA,NA,NA,NA,NA,NA
