sample,genotyper,A_1,A_2,B_1,B_2,C_1,C_2,DPA1_1,DPA1_2,DPB1_1,DPB1_2,DQA1_1,DQA1_2,DQB1_1,DQB1_2,DRB1_1,DRB1_2,DRB3_1,DRB3_2,DRB5_1,DRB5_2,DRB4_1,DRB4_2
A,Ground truth,A*01:01:01,A*03:01:01,B*27:05:07,B*39:01:01,C*02:02:02,C*12:03:01,DPA1*01:03:01,DPA1*01:03:01,DPB1*04:01:01,DPB1*04:02:01,DQA1*01:01:01,DQA1*05:05:01,DQB1*03:01:01,DQB1*05:01:01,DRB1*01:01:01,DRB1*11:01:01,DRB3*02:02:01,NA,NA,NA,NA,NA
B,Ground truth,A*01:01:01,A*25:01:01,B*18:01:01,B*49:01:01,C*07:01:01,C*12:03:01,DPA1*01:03:01,DPA1*01:03:01,DPB1*04:01:01,DPB1*23:01:01,DQA1*01:02:01,DQA1*01:02:01,DQB1*06:02:01,DQB1*06:04:01,DRB1*13:02:01,DRB1*15:01:01,DRB3*03:01:01,NA,NA,DRB5*01:01:01,NA,NA
C,Ground truth,A*11:01:01,A*33:01:01,B*15:16:01,B*35:01:01,C*04:01:01,C*14:02:01,DPA1*01:03:01,DPA1*01:03:01,DPB1*02:01:19,DPB1*03:01:01,DQA1*01:01:01,DQA1*02:01:01,DQB1*02:02:01,DQB1*05:01:01,DRB1*01:01:01,DRB1*07:01:01,NA,NA,NA,NA,NA,DRB4*01:03:01
H,Ground truth,A*02:01:01,A*23:17:01,B*15:03:01,B*44:02:01,C*02:10:01,C*05:01:01,DPA1*01:03:01,DPA1*02:01:01,DPB1*03:01:01,DPB1*13:01:01,DQA1*01:01:02,DQA1*05:05:01,DQB1*03:01:01,DQB1*05:01:01,DRB1*01:02:01,DRB1*11:03:01,DRB3*02:02:01,NA,NA,NA,NA,NA
J,Ground truth,A*02:01:01,A*03:02:01,B*40:01:02,B*44:02:01,C*03:04:01,C*05:01:01,DPA1*01:03:01,DPA1*02:01:01,DPB1*04:01:01,DPB1*09:01:01,DQA1*03:03:01,DQA1*05:05:01,DQB1*03:01:01,DQB1*03:01:01,DRB1*04:01:01,DRB1*08:04:01,NA,NA,NA,NA,NA,DRB4*01:03:01
O,Ground truth,A*01:01:01,A*02:01:01,B*37:01:01,B*44:03:01,C*06:02:01,C*16:01:01,DPA1*02:01:01,DPA1*02:01:02,DPB1*01:01:01,DPB1*11:01:01,DQA1*01:02:01,DQA1*02:01:01,DQB1*02:02:01,DQB1*06:02:01,DRB1*07:01:01,DRB1*15:01:01,NA,NA,NA,DRB5*01:01:01,DRB4*01:01:01,NA
T,Ground truth,A*30:01:01,A*34:02:01,B*13:02:01,B*42:01:01,C*17:01:01,C*18:02:01,DPA1*02:02:02,DPA1*03:01:01,DPB1*01:01:01,DPB1*105:01:01,DQA1*01:02:01,DQA1*01:02:01,DQB1*05:02:01,DQB1*06:02:01,DRB1*13:02:01,DRB1*15:03:01,DRB3*03:01:01,NA,NA,DRB5*01:01:01,NA,NA
U,Ground truth,A*24:02:01,A*31:01:02,B*07:02:01,B*35:01:01,C*04:01:01,C*07:02:01,DPA1*01:03:01,DPA1*01:03:01,DPB1*04:01:01,DPB1*04:01:01,DQA1*01:01:01,DQA1*01:02:01,DQB1*05:01:01,DQB1*06:02:01,DRB1*01:01:01,DRB1*15:01:01,NA,NA,NA,DRB5*01:01:01,NA,NA
A,arcasHLA,A*01:01:01,A*03:01:01,B*27:05:07,B*39:01:01,C*02:02:02,C*12:03:01,DPA1*01:03:01,DPA1*01:03:01,DPB1*04:01:01,DPB1*04:02:01,DQA1*05:05:01,DQA1*01:01:01,DQB1*05:01:01,DQB1*05:01:01,DRB1*01:01:01,DRB1*11:01:01,DRB3*02:02:01,DRB3*02:02:01,NA,NA,NA,NA
B,arcasHLA,A*01:01:01,A*25:01:01,B*18:01:01,B*49:01:01,C*07:01:01,C*12:03:01,DPA1*01:03:01,DPA1*01:03:01,DPB1*04:01:01,DPB1*23:01:01,DQA1*01:02:01,DQA1*01:02:01,DQB1*06:04:01,DQB1*06:02:01,DRB1*15:01:01,DRB1*13:02:01,DRB3*03:01:01,DRB3*03:01:01,DRB5*01:01:01,DRB5*01:01:01,NA,NA
C,arcasHLA,A*11:365N,A*33:01:01,B*15:16:01,B*35:01:01,C*04:01:01,C*14:02:01,DPA1*01:03:01,DPA1*01:03:01,DPB1*03:01:01,DPB1*02:01:19,DQA1*02:01:01,DQA1*01:01:01,DQB1*02:02:01,DQB1*05:01:01,DRB1*01:01:01,DRB1*07:01:01,NA,NA,NA,NA,DRB4*01:03:01,DRB4*01:03:01
H,arcasHLA,A*02:01:01,A*23:17:01,B*15:03:01,B*44:02:01,C*02:10:01,C*05:01:01,DPA1*02:01:01,DPA1*01:03:01,DPB1*03:01:01,DPB1*13:01:01,DQA1*01:01:02,DQA1*05:05:01,DQB1*05:01:01,DQB1*03:01:01,DRB1*01:02:01,DRB1*11:03:01,DRB3*02:02:01,DRB3*02:02:01,NA,NA,NA,NA
J,arcasHLA,A*02:01:01,A*03:02:01,B*40:01:02,B*44:02:01,C*05:01:01,C*03:04:01,DPA1*02:01:01,DPA1*01:03:01,DPB1*09:01:01,DPB1*04:01:01,DQA1*05:05:01,DQA1*03:03:01,DQB1*03:01:01,DQB1*03:01:01,DRB1*04:01:01,DRB1*08:04:01,NA,NA,NA,NA,DRB4*01:03:01,DRB4*01:03:01
O,arcasHLA,A*01:01:01,A*02:01:01,B*44:03:01,B*37:01:01,C*16:01:01,C*06:02:01,DPA1*02:01:01,DPA1*02:01:02,DPB1*11:01:01,DPB1*01:01:01,DQA1*02:01:01,DQA1*01:02:01,DQB1*06:02:01,DQB1*06:02:01,DRB1*07:01:01,DRB1*15:01:01,NA,NA,DRB5*01:01:01,DRB5*01:01:01,DRB4*01:01:01,DRB4*01:01:01
T,arcasHLA,A*34:02:01,A*30:01:01,B*13:02:01,B*42:01:01,C*17:01:01,C*18:02:01,DPA1*02:02:02,DPA1*03:01:01,DPB1*01:01:01,DPB1*105:01:01,DQA1*01:02:01,DQA1*01:02:01,DQB1*06:02:01,DQB1*05:02:01,DRB1*15:03:01,DRB1*13:02:01,DRB3*03:01:01,DRB3*03:01:01,DRB5*01:01:01,DRB5*01:01:01,NA,NA
U,arcasHLA,A*24:02:01,A*31:01:02,B*35:01:01,B*07:02:01,C*04:01:01,C*07:02:01,DPA1*01:03:01,DPA1*01:03:01,DPB1*04:01:01,DPB1*04:01:01,DQA1*01:01:01,DQA1*01:02:01,DQB1*05:01:01,DQB1*06:02:01,DRB1*01:01:01,DRB1*15:01:01,NA,NA,DRB5*01:01:01,DRB5*01:01:01,NA,NA
A,HLAminer,A*03:01,A*11:01,B*39:05,B*27:224,C*02:02,C*12:03,DPA1*01:03,DPA1*03:01,DPB1*04:02,DPB1*02:01,DQA1*01:01,DQA1*05:01,DQB1*05:01,DQB1*03:01,DRB1*01:01,DRB1*11:11,DRB3*02:02,DRB3*01:01,NA,NA,NA,NA
B,HLAminer,A*11:01,A*25:47,B*49:52,B*18:166,C*12:03,C*07:421,DPA1*01:03,DPA1*03:01,DPB1*04:01,DPB1*23:01,DQA1*01:02,NA,DQB1*06:09,NA,DRB1*15:01,DRB1*13:01,DRB3*03:01,DRB3*02:01,DRB5*01:01,DRB5*02:02,NA,NA
C,HLAminer,A*11:01,A*03:01,B*15:03,B*52:01,C*14:02,C*04:198,DPA1*01:03,DPA1*03:01,DPB1*03:01,DPB1*02:01,DQA1*02:01,DQA1*01:01,DQB1*05:01,DQB1*02:01,DRB1*01:01,DRB1*07:09,NA,NA,NA,NA,DRB4*01:01,NA
H,HLAminer,A*23:06,A*24:392,B*15:03,B*18:166,C*05:51,C*02:02,DPA1*01:03,DPA1*02:01,DPB1*13:01,DPB1*03:01,DQA1*01:40,DQA1*05:01,DQB1*03:197,DQB1*05:01,DRB1*01:01,DRB1*11:03,DRB3*02:02,DRB3*01:01; DRB3*03:01,NA,NA,NA,NA
J,HLAminer,A*03:02,A*11:01,B*40:01,B*44:02,C*03:03,C*05:184,DPA1*01:03,DPA1*02:01,DPB1*09:01,DPB1*88:01,DQA1*03:01,DQA1*05:01,DQB1*03:01,NA,DRB1*08:13,DRB1*04:01,DRB3*02:02,NA,NA,NA,DRB4*01:01,NA
O,HLAminer,A*01:227,A*02:498,B*37:05,B*44:07,C*16:151,C*06:02,DPA1*02:01,DPA1*01:03,DPB1*01:01,DPB1*11:01,DQA1*02:01,DQA1*01:02,DQB1*06:02,DQB1*02:01,DRB1*15:01,DRB1*07:01,DRB3*02:02,DRB3*03:01,DRB5*01:02,DRB5*02:02,DRB4*01:01,NA
T,HLAminer,A*34:02,A*11:01,B*13:120,B*15:01,C*17:01,C*18:10,DPA1*03:01,DPA1*02:02,DPB1*01:01,DPB1*1092:01,DQA1*01:40,NA,DQB1*06:02,DQB1*05:02,DRB1*15:03,DRB1*13:02,DRB3*03:01,DRB3*02:02,DRB5*01:01,DRB5*02:02,NA,NA
U,HLAminer,A*03:01,A*31:18,B*07:02,B*51:01,C*07:717,C*04:01,DPA1*01:03,DPA1*03:04,DPB1*04:01,DPB1*72:01,DQA1*01:02,NA,DQB1*06:03,DQB1*05:01,DRB1*01:01,DRB1*15:01,DRB3*03:01,NA,DRB5*01:01,DRB5*02:02,NA,NA
A,PHLAT,A*01:01:01,A*03:01:01,B*27:05:07,B*39:01:01,C*02:02:02,C*12:03:01,NA,NA,NA,NA,DQA1*01:01:01,DQA1*05:05:01,DQB1*03:01:01,DQB1*05:01:01,DRB1*01:01:01,DRB1*11:01:01,NA,NA,NA,NA,NA,NA
B,PHLAT,A*01:01:01,A*25:01:01,B*18:01:01,B*49:01:01,C*07:01,C*12:03,NA,NA,NA,NA,DQA1*01:02:01,DQA1*01:02:01,DQB1*06:02:01,DQB1*06:04:01,DRB1*13:02,DRB1*15:01,NA,NA,NA,NA,NA,NA
C,PHLAT,A*11:01:01,A*33:01:01,B*15:16,B*35:01,C*04:01,C*14:02,NA,NA,NA,NA,DQA1*01:01:01,DQA1*02:01,DQB1*02:02,DQB1*05:01:01,DRB1*01:01:01,DRB1*07:01,NA,NA,NA,NA,NA,NA
H,PHLAT,A*02:01:01,A*23:17,B*15:03:01,B*44:02:01,C*02:02:05,C*05:01:03,NA,NA,NA,NA,DQA1*01:01:02,DQA1*05:05:01,DQB1*03:01:01,DQB1*05:01:01,DRB1*01:02:01,DRB1*11:03,NA,NA,NA,NA,NA,NA
J,PHLAT,A*02:01:01,A*03:02:01,B*40:01:02,B*44:02:01,C*03:04,C*05:01,NA,NA,NA,NA,DQA1*03:03:01,DQA1*05:05:01,DQB1*03:01:01,DQB1*03:01:01,DRB1*04:01:01,DRB1*08:04:01,NA,NA,NA,NA,NA,NA
O,PHLAT,A*01:01,A*02:01,B*37:01:01,B*44:03:01,C*06:02:01,C*16:01:01,NA,NA,NA,NA,DQA1*01:02:01,DQA1*02:01,DQB1*02:02,DQB1*06:02:01,DRB1*07:01:01,DRB1*15:01:01,NA,NA,NA,NA,NA,NA
T,PHLAT,A*30:01:01,A*34:02:01,B*13:02:01,B*42:01:01,C*17:01:01,C*18:02,NA,NA,NA,NA,DQA1*01:02:01,DQA1*01:02:01,DQB1*05:02:01,DQB1*06:02:01,DRB1*13:02:01,DRB1*15:03:01,NA,NA,NA,NA,NA,NA
U,PHLAT,A*24:02:01,A*31:01:02,B*07:02,B*35:01,C*04:01,C*07:02,NA,NA,NA,NA,DQA1*01:01:01,DQA1*01:02:01,DQB1*05:01:01,DQB1*06:02:01,DRB1*01:01,DRB1*15:01,NA,NA,NA,NA,NA,NA
A,OptiType,A*01:01,A*03:01,B*39:01,B*27:05,C*02:02,C*12:03,NA,NA,NA,NA,NA,NA,NA,NA,NA,NA,NA,NA,NA,NA,NA,NA
B,OptiType,A*01:01,A*25:01,B*18:01,B*49:01,C*12:03,C*07:01,NA,NA,NA,NA,NA,NA,NA,NA,NA,NA,NA,NA,NA,NA,NA,NA
C,OptiType,A*11:01,A*33:01,B*35:01,B*15:16,C*14:02,C*04:01,NA,NA,NA,NA,NA,NA,NA,NA,NA,NA,NA,NA,NA,NA,NA,NA
H,OptiType,A*23:01,A*02:01,B*15:03,B*44:02,C*05:01,C*02:10,NA,NA,NA,NA,NA,NA,NA,NA,NA,NA,NA,NA,NA,NA,NA,NA
J,OptiType,A*03:02,A*02:01,B*40:01,B*44:02,C*05:01,C*03:04,NA,NA,NA,NA,NA,NA,NA,NA,NA,NA,NA,NA,NA,NA,NA,NA
O,OptiType,A*02:01,A*01:01,B*37:01,B*44:03,C*06:02,C*16:01,NA,NA,NA,NA,NA,NA,NA,NA,NA,NA,NA,NA,NA,NA,NA,NA
T,OptiType,A*30:01,A*34:02,B*42:01,B*13:02,C*18:01,C*17:01,NA,NA,NA,NA,NA,NA,NA,NA,NA,NA,NA,NA,NA,NA,NA,NA
U,OptiType,A*31:01,A*24:02,B*35:01,B*07:02,C*07:02,C*04:01,NA,NA,NA,NA,NA,NA,NA,NA,NA,NA,NA,NA,NA,NA,NA,NA
