Sample ID	Locus	Allele 1	Allele 2	Comments	Diploid Ambiguities	Allele 1 Ambiguities	Allele 2 Ambiguities
STU-HD-A	A	A*01:01:01	A*03:01:01				
STU-HD-A	B	B*27:05:07	B*39:01:01				
STU-HD-A	C	C*02:02:02	C*12:03:01				
STU-HD-A	DPA1	DPA1*01:03:01	DPA1*01:03:01				
STU-HD-A	DPB1	DPB1*04:01:01	DPB1*04:02:01		DPB1*105:01:01+DPB1*126:01:01		
STU-HD-A	DQA1	DQA1*01:01:01	DQA1*05:05:01				
STU-HD-A	DQB1	DQB1*03:01:01	DQB1*05:01:01			DQB1*03:431	
STU-HD-A	DRB1	DRB1*01:01:01	DRB1*11:01:01			"DRB1*01:01:35,DRB1*01:100"	
STU-HD-A	DRB345	DRB3*02:02:01	DRB345*Not_Present			DRB3*02:144	
STU-HD-B	A	A*01:01:01	A*25:01:01				
STU-HD-B	B	B*18:01:01	B*49:01:01				
STU-HD-B	C	C*07:01:01	C*12:03:01				
STU-HD-B	DPA1	DPA1*01:03:01	DPA1*01:03:01				
STU-HD-B	DPB1	DPB1*04:01:01	DPB1*23:01:01				
STU-HD-B	DQA1	DQA1*01:02:01	DQA1*01:02:01				
STU-HD-B	DQB1	DQB1*06:02:01	DQB1*06:04:01		DQB1*06:39+DQB1*06:84:01		
STU-HD-B	DRB1	DRB1*13:02:01	DRB1*15:01:01				
STU-HD-B	DRB345	DRB3*03:01:01	DRB5*01:01:01				
STU-HD-C	A	A*11:01:01	A*33:01:01				
STU-HD-C	B	B*15:16:01	B*35:01:01				
STU-HD-C	C	C*04:01:01	C*14:02:01				
STU-HD-C	DPA1	DPA1*01:03:01	DPA1*01:03:01				
STU-HD-C	DPB1	DPB1*02:01:19	DPB1*03:01:01		"DPB1*124:01:02+DPB1*352:01:02,DPB1*02:01:19+DPB1*352:01:02,DPB1*03:01:01+DPB1*352:01:02"	DPB1*124:01:02:01	
STU-HD-C	DQA1	DQA1*01:01:01	DQA1*02:01:01				
STU-HD-C	DQB1	DQB1*02:02:01	DQB1*05:01:01				
STU-HD-C	DRB1	DRB1*01:01:01	DRB1*07:01:01			"DRB1*01:01:35,DRB1*01:100"	
STU-HD-C	DRB345	DRB345*Not_Present	DRB4*01:03:01				
STU-HD-F	A	A*02:01:01	A*33:01:01		A*02:864:01+A*33:191		
STU-HD-F	B	B*14:02:01	B*45:01:01				
STU-HD-F	C	C*08:02:01	C*16:01:01		C*08:94+C*16:139		
STU-HD-F	DPA1	DPA1*01:03:01	DPA1*02:01:08				
STU-HD-F	DPB1	DPB1*01:01:01	DPB1*04:01:01				
STU-HD-F	DQA1	DQA1*01:03:01	DQA1*02:01:01				
STU-HD-F	DQB1	DQB1*02:02:01	DQB1*06:03:01				
STU-HD-F	DRB1	DRB1*07:01:01	DRB1*13:01:01				
STU-HD-F	DRB345	DRB3*01:01:02	DRB4*01:01:01				
STU-HD-H	A	A*02:01:01	A*23:17:01				
STU-HD-H	B	B*15:03:01	B*44:02:01				
STU-HD-H	C	C*02:10:01	C*05:01:01				
STU-HD-H	DPA1	DPA1*01:03:01	DPA1*02:01:01				DPA1*02:29
STU-HD-H	DPB1	DPB1*03:01:01	DPB1*13:01:01				
STU-HD-H	DQA1	DQA1*01:01:02	DQA1*05:05:01				
STU-HD-H	DQB1	DQB1*03:01:01	DQB1*05:01:01			DQB1*03:431	
STU-HD-H	DRB1	DRB1*01:02:01	DRB1*11:03:01				
STU-HD-H	DRB345	DRB3*02:02:01	DRB345*Not_Present			DRB3*02:144	
STU-HD-J	A	A*02:01:01	A*03:02:01				
STU-HD-J	B	B*40:01:02	B*44:02:01				
STU-HD-J	C	C*03:04:01	C*05:01:01				
STU-HD-J	DPA1	DPA1*01:03:01	DPA1*02:01:01				DPA1*02:29
STU-HD-J	DPB1	DPB1*04:01:01	DPB1*09:01:01		DPB1*350:01+DPB1*899:01		
STU-HD-J	DQA1	DQA1*03:03:01	DQA1*05:05:01				
STU-HD-J	DQB1	DQB1*03:01:01	DQB1*03:01:01		"DQB1*03:01:01,DQB1*03:431+DQB1*03:276N"		
STU-HD-J	DRB1	DRB1*04:01:01	DRB1*08:04:01				
STU-HD-J	DRB345	DRB345*Not_Present	DRB4*01:03:01				
STU-HD-E	A	A*03:01:01	A*26:01:01				
STU-HD-E	B	B*35:01:01	B*57:03:01				
STU-HD-E	C	C*06:02:01	C*18:02:01				
STU-HD-E	DPA1	DPA1*01:03:01	DPA1*01:03:01				
STU-HD-E	DPB1	DPB1*02:01:02	DPB1*18:01:01				
STU-HD-E	DQA1	DQA1*01:02:01	DQA1*01:02:01				
STU-HD-E	DQB1	DQB1*06:02:01	DQB1*06:09:01		DQB1*06:84:01+DQB1*06:88:01		
STU-HD-E	DRB1	DRB1*11:01:02	DRB1*13:02:01				
STU-HD-E	DRB345	DRB3*02:02:01	DRB3*03:01:01			DRB3*02:144	
STU-HD-K	A	A*11:01:01	A*32:01:01				
STU-HD-K	B	B*07:02:01	B*35:01:01		B*07:381+B*35:380:01		
STU-HD-K	C	C*04:01:01	C*07:02:01				
STU-HD-K	DPA1	DPA1*01:03:01	DPA1*01:03:01				
STU-HD-K	DPB1	DPB1*04:01:01	DPB1*04:01:01				
STU-HD-K	DQA1	DQA1*01:01:01	DQA1*01:02:01				
STU-HD-K	DQB1	DQB1*05:01:01	DQB1*06:02:01				
STU-HD-K	DRB1	DRB1*01:01:01	DRB1*15:01:01			"DRB1*01:01:35,DRB1*01:100"	
STU-HD-K	DRB345	DRB345*Not_Present	DRB5*01:01:01				
STU-HD-R	A	A*01:01:01	A*29:01:01				
STU-HD-R	B	B*08:01:01	B*44:02:01				
STU-HD-R	C	C*05:01:01	C*07:01:01				
STU-HD-R	DPA1	DPA1*01:03:01	DPA1*01:03:01				
STU-HD-R	DPB1	DPB1*04:01:01	DPB1*06:01:01		DPB1*350:01+DPB1*914:01		
STU-HD-R	DQA1	DQA1*01:02:01	DQA1*05:01:01				
STU-HD-R	DQB1	DQB1*02:01:01	DQB1*06:02:01				
STU-HD-R	DRB1	DRB1*03:01:01	DRB1*15:01:01			"DRB1*03:01:31,DRB1*03:147"	
STU-HD-R	DRB345	DRB3*01:01:02	DRB5*01:01:01				
STU-HD-L	A	A*02:01:01	A*30:02:01				
STU-HD-L	B	B*18:01:01	B*57:01:01				
STU-HD-L	C	C*05:01:01	C*06:02:01				
STU-HD-L	DPA1	DPA1*01:03:01	DPA1*01:03:01				
STU-HD-L	DPB1	DPB1*02:02:01	DPB1*04:01:01				
STU-HD-L	DQA1	DQA1*02:01:01	DQA1*05:01:01				
STU-HD-L	DQB1	DQB1*02:01:01	DQB1*03:03:02				
STU-HD-L	DRB1	DRB1*03:01:01	DRB1*07:01:01			"DRB1*03:01:31,DRB1*03:147"	
STU-HD-L	DRB345	DRB3*02:02:01	DRB4*01:03:01:02N			DRB3*02:144	DRB4*01:03:01:13N
STU-HD-M	A	A*03:01:01	A*03:01:01				
STU-HD-M	B	B*18:01:01	B*35:01:01				
STU-HD-M	C	C*04:01:01	C*07:01:01				
STU-HD-M	DPA1	DPA1*01:03:01	DPA1*01:03:01				
STU-HD-M	DPB1	DPB1*02:01:02	DPB1*04:02:01		DPB1*105:01:01+DPB1*416:01:01		
STU-HD-M	DQA1	DQA1*01:04:01	DQA1*03:02:01				
STU-HD-M	DQB1	DQB1*03:03:02	DQB1*05:03:01				
STU-HD-M	DRB1	DRB1*09:01:02	DRB1*14:54:01				DRB1*14:216
STU-HD-M	DRB345	DRB3*02:02:01	DRB4*01:03:02			DRB3*02:144	
STU-HD-O	A	A*01:01:01	A*02:01:01				
STU-HD-O	B	B*37:01:01	B*44:03:01				
STU-HD-O	C	C*06:02:01	C*16:01:01				
STU-HD-O	DPA1	DPA1*02:01:01	DPA1*02:01:02			DPA1*02:29	
STU-HD-O	DPB1	DPB1*01:01:01	DPB1*11:01:01				
STU-HD-O	DQA1	DQA1*01:02:01	DQA1*02:01:01				
STU-HD-O	DQB1	DQB1*02:02:01	DQB1*06:02:01				
STU-HD-O	DRB1	DRB1*07:01:01	DRB1*15:01:01				
STU-HD-O	DRB345	DRB4*01:01:01	DRB5*01:01:01				
STU-HD-G	A	A*29:02:01	A*74:01:01				
STU-HD-G	B	B*44:03:01	B*82:01:01				
STU-HD-G	C	C*03:02:02	C*16:01:01				
STU-HD-G	DPA1	DPA1*01:03:01	DPA1*03:01:01		DPA1*01:03:10+DPA1*03:01:02		DPA1*03:05Q
STU-HD-G	DPB1	DPB1*04:01:01	DPB1*40:01:01				
STU-HD-G	DQA1	DQA1*01:02:01	DQA1*02:01:01				
STU-HD-G	DQB1	DQB1*02:02:01	DQB1*06:02:01				
STU-HD-G	DRB1	DRB1*07:01:01	DRB1*11:01:02				
STU-HD-G	DRB345	DRB3*03:01:01	DRB4*01:01:01				
STU-HD-N	A	A*02:01:01	A*25:01:01		A*02:864:01+A*25:68		
STU-HD-N	B	B*18:01:01	B*40:01:02		B*18:177+B*40:379		
STU-HD-N	C	C*03:04:01	C*12:03:01				
STU-HD-N	DPA1	DPA1*01:03:01	DPA1*02:02:02				
STU-HD-N	DPB1	DPB1*01:01:01	DPB1*04:01:01				
STU-HD-N	DQA1	DQA1*02:01:01	DQA1*03:01:01				
STU-HD-N	DQB1	DQB1*02:02:01	DQB1*03:02:01				
STU-HD-N	DRB1	DRB1*04:01:01	DRB1*07:01:01				
STU-HD-N	DRB345	DRB4*01:01:01	DRB4*01:03:01			DRB4*03:01N	
STU-HD-P	A	A*33:03:01	A*68:02:01				
STU-HD-P	B	B*15:10:01	B*53:01:01				
STU-HD-P	C	C*03:04:02	C*04:01:01				
STU-HD-P	DPA1	DPA1*02:01:01	DPA1*02:02:02			DPA1*02:29	
STU-HD-P	DPB1	DPB1*01:01:01	DPB1*01:01:01				
STU-HD-P	DQA1	DQA1*04:01:02	DQA1*04:01:02				
STU-HD-P	DQB1	DQB1*03:19:01	DQB1*03:19:01				
STU-HD-P	DRB1	DRB1*08:04:01	DRB1*08:04:01				
STU-HD-P	DRB345	DRB345*Not_Present	DRB345*Not_Present				
STU-HD-Sk	A	A*02:01:01	A*68:01:01			"A*02:01:130,A*02:01:159,A*02:844"	
STU-HD-Sk	B	B*14:02:01	B*44:02:01		B*14:64+B*44:464:01		
STU-HD-Sk	C	C*05:01:01	C*08:02:01				
STU-HD-Sk	DPA1	DPA1*01:03:01	DPA1*02:01:01				DPA1*02:29
STU-HD-Sk	DPB1	DPB1*04:01:01	DPB1*05:01:01		"DPB1*350:01+DPB1*744:01,DPB1*702:01+DPB1*744:01"	DPB1*939:01	
STU-HD-Sk	DQA1	DQA1*01:02:01	DQA1*03:03:01				
STU-HD-Sk	DQB1	DQB1*03:01:01	DQB1*06:09:01			DQB1*03:431	
STU-HD-Sk	DRB1	DRB1*04:01:01	DRB1*13:02:01				
STU-HD-Sk	DRB345	DRB3*03:01:01	DRB4*01:03:01				
STU-HD-Q	A	A*03:01:01	A*26:01:01	DNA mixed Contamination			
STU-HD-Q	B	B*37:01:01	B*38:01:01	DNA mixed Contamination			
STU-HD-Q	C	C*06:02:01	C*12:03:01	DNA mixed Contamination			
STU-HD-Q	DPA1	DPA1*01:03:01	DPA1*02:01:02	DNA mixed Contamination			
STU-HD-Q	DPB1	DPB1*01:01:01	DPB1*04:02:01	DNA mixed Contamination			
STU-HD-Q	DQA1	DQA1*01:01:01	DQA1*05:05:01	DNA mixed Contamination			
STU-HD-Q	DQB1	DQB1*03:01:01	DQB1*05:01:01	DNA mixed Contamination		DQB1*03:431	
STU-HD-Q	DRB1	DRB1*01:01:01	DRB1*11:04:01	DNA mixed Contamination		DRB1*01:01:35	
STU-HD-Q	DRB345	DRB3*02:02:01	DRB345*Not_Present	DNA mixed Contamination		DRB3*02:144	
STU-HD-T	A	A*30:01:01	A*34:02:01				
STU-HD-T	B	B*13:02:01	B*42:01:01				
STU-HD-T	C	C*17:01:01	C*18:02:01				
STU-HD-T	DPA1	DPA1*02:02:02	DPA1*03:01:01				DPA1*03:05Q
STU-HD-T	DPB1	DPB1*01:01:01	DPB1*105:01:01				
STU-HD-T	DQA1	DQA1*01:02:01	DQA1*01:02:01				
STU-HD-T	DQB1	DQB1*05:02:01	DQB1*06:02:01				
STU-HD-T	DRB1	DRB1*13:02:01	DRB1*15:03:01				
STU-HD-T	DRB345	DRB3*03:01:01	DRB5*01:01:01				
STU-HD-U	A	A*24:02:01	A*31:01:02				
STU-HD-U	B	B*07:02:01	B*35:01:01		B*07:381+B*35:380:01		
STU-HD-U	C	C*04:01:01	C*07:02:01				
STU-HD-U	DPA1	DPA1*01:03:01	DPA1*01:03:01				
STU-HD-U	DPB1	DPB1*04:01:01	DPB1*04:01:01				
STU-HD-U	DQA1	DQA1*01:01:01	DQA1*01:02:01				
STU-HD-U	DQB1	DQB1*05:01:01	DQB1*06:02:01				
STU-HD-U	DRB1	DRB1*01:01:01	DRB1*15:01:01			"DRB1*01:01:35,DRB1*01:100"	
STU-HD-U	DRB345	DRB345*Not_Present	DRB5*01:01:01				
STU-HD-W	A	A*02:01:01	A*33:03:01				
STU-HD-W	B	B*40:01:02	B*58:01:01				
STU-HD-W	C	C*03:02:02	C*03:04:01				
STU-HD-W	DPA1	DPA1*01:03:01	DPA1*02:12				
STU-HD-W	DPB1	DPB1*04:02:01	DPB1*85:01:01				
STU-HD-W	DQA1	DQA1*01:02:01	DQA1*01:02:02				
STU-HD-W	DQB1	DQB1*05:02:01	DQB1*06:04:01				
STU-HD-W	DRB1	DRB1*13:02:01	DRB1*16:02:01				
STU-HD-W	DRB345	DRB3*03:01:01	DRB5*02:21				
