sample,locus,field,genotyper,allele
INCOV003-AC,A,field_1,arcasHLA,26
INCOV003-AC,A,field_1,arcasHLA,24
INCOV003-AC,A,field_1,hlaminer,24
INCOV003-AC,A,field_1,hlaminer,26
INCOV003-AC,A,field_1,optitype,NA
INCOV003-AC,A,field_1,phlat,24
INCOV003-AC,A,field_1,phlat,26
INCOV003-AC,A,field_2,arcasHLA,26_01
INCOV003-AC,A,field_2,arcasHLA,24_02
INCOV003-AC,A,field_2,hlaminer,24_186
INCOV003-AC,A,field_2,hlaminer,26_03
INCOV003-AC,A,field_2,optitype,NA
INCOV003-AC,A,field_2,phlat,24_02
INCOV003-AC,A,field_2,phlat,26_01
INCOV003-AC,A,field_3,arcasHLA,26_01_01
INCOV003-AC,A,field_3,arcasHLA,24_02_01
INCOV003-AC,A,field_3,hlaminer,NA
INCOV003-AC,A,field_3,hlaminer,NA
INCOV003-AC,A,field_3,optitype,NA
INCOV003-AC,A,field_3,phlat,24_02_01
INCOV003-AC,A,field_3,phlat,26_01_01
INCOV003-AC,B,field_1,arcasHLA,13
INCOV003-AC,B,field_1,arcasHLA,18
INCOV003-AC,B,field_1,hlaminer,35
INCOV003-AC,B,field_1,hlaminer,37
INCOV003-AC,B,field_1,optitype,NA
INCOV003-AC,B,field_1,phlat,13
INCOV003-AC,B,field_1,phlat,18
INCOV003-AC,B,field_2,arcasHLA,13_02
INCOV003-AC,B,field_2,arcasHLA,18_01
INCOV003-AC,B,field_2,hlaminer,35_150
INCOV003-AC,B,field_2,hlaminer,37_01
INCOV003-AC,B,field_2,optitype,NA
INCOV003-AC,B,field_2,phlat,13_02
INCOV003-AC,B,field_2,phlat,18_01
INCOV003-AC,B,field_3,arcasHLA,13_02_01
INCOV003-AC,B,field_3,arcasHLA,18_01_01
INCOV003-AC,B,field_3,hlaminer,NA
INCOV003-AC,B,field_3,hlaminer,NA
INCOV003-AC,B,field_3,optitype,NA
INCOV003-AC,B,field_3,phlat,NA
INCOV003-AC,B,field_3,phlat,NA
INCOV003-AC,C,field_1,arcasHLA,06
INCOV003-AC,C,field_1,arcasHLA,06
INCOV003-AC,C,field_1,hlaminer,07
INCOV003-AC,C,field_1,hlaminer,06
INCOV003-AC,C,field_1,optitype,NA
INCOV003-AC,C,field_1,phlat,06
INCOV003-AC,C,field_1,phlat,07
INCOV003-AC,C,field_2,arcasHLA,06_02
INCOV003-AC,C,field_2,arcasHLA,06_02
INCOV003-AC,C,field_2,hlaminer,07_01
INCOV003-AC,C,field_2,hlaminer,06_88
INCOV003-AC,C,field_2,optitype,NA
INCOV003-AC,C,field_2,phlat,06_02
INCOV003-AC,C,field_2,phlat,07_01
INCOV003-AC,C,field_3,arcasHLA,06_02_01
INCOV003-AC,C,field_3,arcasHLA,06_02_01
INCOV003-AC,C,field_3,hlaminer,NA
INCOV003-AC,C,field_3,hlaminer,NA
INCOV003-AC,C,field_3,optitype,NA
INCOV003-AC,C,field_3,phlat,06_02_01
INCOV003-AC,C,field_3,phlat,07_01_01
INCOV003-AC,DPA1,field_1,arcasHLA,01
INCOV003-AC,DPA1,field_1,arcasHLA,01
INCOV003-AC,DPA1,field_1,hlaminer,01
INCOV003-AC,DPA1,field_1,hlaminer,03
INCOV003-AC,DPA1,field_1,optitype,NA
INCOV003-AC,DPA1,field_1,phlat,NA
INCOV003-AC,DPA1,field_2,arcasHLA,01_03
INCOV003-AC,DPA1,field_2,arcasHLA,01_03
INCOV003-AC,DPA1,field_2,hlaminer,01_03
INCOV003-AC,DPA1,field_2,hlaminer,03_01
INCOV003-AC,DPA1,field_2,optitype,NA
INCOV003-AC,DPA1,field_2,phlat,NA
INCOV003-AC,DPA1,field_3,arcasHLA,01_03_01
INCOV003-AC,DPA1,field_3,arcasHLA,01_03_01
INCOV003-AC,DPA1,field_3,hlaminer,NA
INCOV003-AC,DPA1,field_3,hlaminer,NA
INCOV003-AC,DPA1,field_3,optitype,NA
INCOV003-AC,DPA1,field_3,phlat,NA
INCOV003-AC,DPB1,field_1,arcasHLA,02
INCOV003-AC,DPB1,field_1,arcasHLA,02
INCOV003-AC,DPB1,field_1,hlaminer,02
INCOV003-AC,DPB1,field_1,hlaminer,41
INCOV003-AC,DPB1,field_1,optitype,NA
INCOV003-AC,DPB1,field_1,phlat,NA
INCOV003-AC,DPB1,field_2,arcasHLA,02_01
INCOV003-AC,DPB1,field_2,arcasHLA,02_01
INCOV003-AC,DPB1,field_2,hlaminer,02_01
INCOV003-AC,DPB1,field_2,hlaminer,41_01
INCOV003-AC,DPB1,field_2,optitype,NA
INCOV003-AC,DPB1,field_2,phlat,NA
INCOV003-AC,DPB1,field_3,arcasHLA,02_01_02
INCOV003-AC,DPB1,field_3,arcasHLA,02_01_02
INCOV003-AC,DPB1,field_3,hlaminer,NA
INCOV003-AC,DPB1,field_3,hlaminer,NA
INCOV003-AC,DPB1,field_3,optitype,NA
INCOV003-AC,DPB1,field_3,phlat,NA
INCOV003-AC,DQA1,field_1,arcasHLA,05
INCOV003-AC,DQA1,field_1,arcasHLA,02
INCOV003-AC,DQA1,field_1,hlaminer,02
INCOV003-AC,DQA1,field_1,hlaminer,05
INCOV003-AC,DQA1,field_1,optitype,NA
INCOV003-AC,DQA1,field_1,phlat,02
INCOV003-AC,DQA1,field_1,phlat,05
INCOV003-AC,DQA1,field_2,arcasHLA,05_05
INCOV003-AC,DQA1,field_2,arcasHLA,02_01
INCOV003-AC,DQA1,field_2,hlaminer,02_08
INCOV003-AC,DQA1,field_2,hlaminer,05_01
INCOV003-AC,DQA1,field_2,optitype,NA
INCOV003-AC,DQA1,field_2,phlat,02_01
INCOV003-AC,DQA1,field_2,phlat,05_05
INCOV003-AC,DQA1,field_3,arcasHLA,05_05_01
INCOV003-AC,DQA1,field_3,arcasHLA,02_01_01
INCOV003-AC,DQA1,field_3,hlaminer,NA
INCOV003-AC,DQA1,field_3,hlaminer,NA
INCOV003-AC,DQA1,field_3,optitype,NA
INCOV003-AC,DQA1,field_3,phlat,NA
INCOV003-AC,DQA1,field_3,phlat,05_05_01
INCOV003-AC,DQB1,field_1,arcasHLA,02
INCOV003-AC,DQB1,field_1,arcasHLA,03
INCOV003-AC,DQB1,field_1,hlaminer,02
INCOV003-AC,DQB1,field_1,hlaminer,03
INCOV003-AC,DQB1,field_1,optitype,NA
INCOV003-AC,DQB1,field_1,phlat,02
INCOV003-AC,DQB1,field_1,phlat,03
INCOV003-AC,DQB1,field_2,arcasHLA,02_02
INCOV003-AC,DQB1,field_2,arcasHLA,03_94
INCOV003-AC,DQB1,field_2,hlaminer,02_01
INCOV003-AC,DQB1,field_2,hlaminer,03_01
INCOV003-AC,DQB1,field_2,optitype,NA
INCOV003-AC,DQB1,field_2,phlat,02_02
INCOV003-AC,DQB1,field_2,phlat,03_01
INCOV003-AC,DQB1,field_3,arcasHLA,02_02_01
INCOV003-AC,DQB1,field_3,arcasHLA,NA
INCOV003-AC,DQB1,field_3,hlaminer,NA
INCOV003-AC,DQB1,field_3,hlaminer,NA
INCOV003-AC,DQB1,field_3,optitype,NA
INCOV003-AC,DQB1,field_3,phlat,NA
INCOV003-AC,DQB1,field_3,phlat,03_01_01
INCOV003-AC,DRB1,field_1,arcasHLA,07
INCOV003-AC,DRB1,field_1,arcasHLA,11
INCOV003-AC,DRB1,field_1,hlaminer,13
INCOV003-AC,DRB1,field_1,hlaminer,07
INCOV003-AC,DRB1,field_1,optitype,NA
INCOV003-AC,DRB1,field_1,phlat,07
INCOV003-AC,DRB1,field_1,phlat,11
INCOV003-AC,DRB1,field_2,arcasHLA,07_01
INCOV003-AC,DRB1,field_2,arcasHLA,11_04
INCOV003-AC,DRB1,field_2,hlaminer,13_21
INCOV003-AC,DRB1,field_2,hlaminer,07_88
INCOV003-AC,DRB1,field_2,optitype,NA
INCOV003-AC,DRB1,field_2,phlat,07_01
INCOV003-AC,DRB1,field_2,phlat,11_04
INCOV003-AC,DRB1,field_3,arcasHLA,07_01_01
INCOV003-AC,DRB1,field_3,arcasHLA,11_04_01
INCOV003-AC,DRB1,field_3,hlaminer,NA
INCOV003-AC,DRB1,field_3,hlaminer,NA
INCOV003-AC,DRB1,field_3,optitype,NA
INCOV003-AC,DRB1,field_3,phlat,07_01_01
INCOV003-AC,DRB1,field_3,phlat,11_04_01
INCOV003-BL,A,field_1,arcasHLA,26
INCOV003-BL,A,field_1,arcasHLA,24
INCOV003-BL,A,field_1,hlaminer,24
INCOV003-BL,A,field_1,hlaminer,66
INCOV003-BL,A,field_1,optitype,NA
INCOV003-BL,A,field_1,phlat,24
INCOV003-BL,A,field_1,phlat,26
INCOV003-BL,A,field_2,arcasHLA,26_01
INCOV003-BL,A,field_2,arcasHLA,24_02
INCOV003-BL,A,field_2,hlaminer,24_225
INCOV003-BL,A,field_2,hlaminer,66_01
INCOV003-BL,A,field_2,optitype,NA
INCOV003-BL,A,field_2,phlat,24_02
INCOV003-BL,A,field_2,phlat,26_01
INCOV003-BL,A,field_3,arcasHLA,26_01_01
INCOV003-BL,A,field_3,arcasHLA,24_02_01
INCOV003-BL,A,field_3,hlaminer,NA
INCOV003-BL,A,field_3,hlaminer,NA
INCOV003-BL,A,field_3,optitype,NA
INCOV003-BL,A,field_3,phlat,24_02_01
INCOV003-BL,A,field_3,phlat,26_01_01
INCOV003-BL,B,field_1,arcasHLA,13
INCOV003-BL,B,field_1,arcasHLA,18
INCOV003-BL,B,field_1,hlaminer,35
INCOV003-BL,B,field_1,hlaminer,40
INCOV003-BL,B,field_1,optitype,NA
INCOV003-BL,B,field_1,phlat,13
INCOV003-BL,B,field_1,phlat,18
INCOV003-BL,B,field_2,arcasHLA,13_02
INCOV003-BL,B,field_2,arcasHLA,18_01
INCOV003-BL,B,field_2,hlaminer,35_323
INCOV003-BL,B,field_2,hlaminer,40_110
INCOV003-BL,B,field_2,optitype,NA
INCOV003-BL,B,field_2,phlat,13_02
INCOV003-BL,B,field_2,phlat,18_01
INCOV003-BL,B,field_3,arcasHLA,13_02_01
INCOV003-BL,B,field_3,arcasHLA,18_01_01
INCOV003-BL,B,field_3,hlaminer,NA
INCOV003-BL,B,field_3,hlaminer,NA
INCOV003-BL,B,field_3,optitype,NA
INCOV003-BL,B,field_3,phlat,NA
INCOV003-BL,B,field_3,phlat,NA
INCOV003-BL,C,field_1,arcasHLA,06
INCOV003-BL,C,field_1,arcasHLA,06
INCOV003-BL,C,field_1,hlaminer,07
INCOV003-BL,C,field_1,hlaminer,06
INCOV003-BL,C,field_1,optitype,NA
INCOV003-BL,C,field_1,phlat,06
INCOV003-BL,C,field_1,phlat,07
INCOV003-BL,C,field_2,arcasHLA,06_02
INCOV003-BL,C,field_2,arcasHLA,06_02
INCOV003-BL,C,field_2,hlaminer,07_01
INCOV003-BL,C,field_2,hlaminer,06_02
INCOV003-BL,C,field_2,optitype,NA
INCOV003-BL,C,field_2,phlat,06_02
INCOV003-BL,C,field_2,phlat,07_01
INCOV003-BL,C,field_3,arcasHLA,06_02_01
INCOV003-BL,C,field_3,arcasHLA,06_02_01
INCOV003-BL,C,field_3,hlaminer,NA
INCOV003-BL,C,field_3,hlaminer,NA
INCOV003-BL,C,field_3,optitype,NA
INCOV003-BL,C,field_3,phlat,06_02_01
INCOV003-BL,C,field_3,phlat,07_01_01
INCOV003-BL,DPA1,field_1,arcasHLA,01
INCOV003-BL,DPA1,field_1,arcasHLA,01
INCOV003-BL,DPA1,field_1,hlaminer,01
INCOV003-BL,DPA1,field_1,hlaminer,03
INCOV003-BL,DPA1,field_1,optitype,NA
INCOV003-BL,DPA1,field_1,phlat,NA
INCOV003-BL,DPA1,field_2,arcasHLA,01_03
INCOV003-BL,DPA1,field_2,arcasHLA,01_03
INCOV003-BL,DPA1,field_2,hlaminer,01_21
INCOV003-BL,DPA1,field_2,hlaminer,03_01
INCOV003-BL,DPA1,field_2,optitype,NA
INCOV003-BL,DPA1,field_2,phlat,NA
INCOV003-BL,DPA1,field_3,arcasHLA,01_03_01
INCOV003-BL,DPA1,field_3,arcasHLA,01_03_01
INCOV003-BL,DPA1,field_3,hlaminer,NA
INCOV003-BL,DPA1,field_3,hlaminer,NA
INCOV003-BL,DPA1,field_3,optitype,NA
INCOV003-BL,DPA1,field_3,phlat,NA
INCOV003-BL,DPB1,field_1,arcasHLA,02
INCOV003-BL,DPB1,field_1,arcasHLA,02
INCOV003-BL,DPB1,field_1,hlaminer,02
INCOV003-BL,DPB1,field_1,hlaminer,41
INCOV003-BL,DPB1,field_1,optitype,NA
INCOV003-BL,DPB1,field_1,phlat,NA
INCOV003-BL,DPB1,field_2,arcasHLA,02_01
INCOV003-BL,DPB1,field_2,arcasHLA,02_01
INCOV003-BL,DPB1,field_2,hlaminer,02_01
INCOV003-BL,DPB1,field_2,hlaminer,41_01
INCOV003-BL,DPB1,field_2,optitype,NA
INCOV003-BL,DPB1,field_2,phlat,NA
INCOV003-BL,DPB1,field_3,arcasHLA,02_01_02
INCOV003-BL,DPB1,field_3,arcasHLA,02_01_02
INCOV003-BL,DPB1,field_3,hlaminer,NA
INCOV003-BL,DPB1,field_3,hlaminer,NA
INCOV003-BL,DPB1,field_3,optitype,NA
INCOV003-BL,DPB1,field_3,phlat,NA
INCOV003-BL,DQA1,field_1,arcasHLA,05
INCOV003-BL,DQA1,field_1,arcasHLA,02
INCOV003-BL,DQA1,field_1,hlaminer,02
INCOV003-BL,DQA1,field_1,hlaminer,05
INCOV003-BL,DQA1,field_1,optitype,NA
INCOV003-BL,DQA1,field_1,phlat,02
INCOV003-BL,DQA1,field_1,phlat,05
INCOV003-BL,DQA1,field_2,arcasHLA,05_05
INCOV003-BL,DQA1,field_2,arcasHLA,02_01
INCOV003-BL,DQA1,field_2,hlaminer,02_01
INCOV003-BL,DQA1,field_2,hlaminer,05_01
INCOV003-BL,DQA1,field_2,optitype,NA
INCOV003-BL,DQA1,field_2,phlat,02_01
INCOV003-BL,DQA1,field_2,phlat,05_05
INCOV003-BL,DQA1,field_3,arcasHLA,05_05_01
INCOV003-BL,DQA1,field_3,arcasHLA,02_01_01
INCOV003-BL,DQA1,field_3,hlaminer,NA
INCOV003-BL,DQA1,field_3,hlaminer,NA
INCOV003-BL,DQA1,field_3,optitype,NA
INCOV003-BL,DQA1,field_3,phlat,NA
INCOV003-BL,DQA1,field_3,phlat,05_05_01
INCOV003-BL,DQB1,field_1,arcasHLA,02
INCOV003-BL,DQB1,field_1,arcasHLA,03
INCOV003-BL,DQB1,field_1,hlaminer,02
INCOV003-BL,DQB1,field_1,hlaminer,03
INCOV003-BL,DQB1,field_1,optitype,NA
INCOV003-BL,DQB1,field_1,phlat,02
INCOV003-BL,DQB1,field_1,phlat,03
INCOV003-BL,DQB1,field_2,arcasHLA,02_02
INCOV003-BL,DQB1,field_2,arcasHLA,03_01
INCOV003-BL,DQB1,field_2,hlaminer,02_01
INCOV003-BL,DQB1,field_2,hlaminer,03_01
INCOV003-BL,DQB1,field_2,optitype,NA
INCOV003-BL,DQB1,field_2,phlat,02_02
INCOV003-BL,DQB1,field_2,phlat,03_01
INCOV003-BL,DQB1,field_3,arcasHLA,02_02_01
INCOV003-BL,DQB1,field_3,arcasHLA,03_01_01
INCOV003-BL,DQB1,field_3,hlaminer,NA
INCOV003-BL,DQB1,field_3,hlaminer,NA
INCOV003-BL,DQB1,field_3,optitype,NA
INCOV003-BL,DQB1,field_3,phlat,NA
INCOV003-BL,DQB1,field_3,phlat,03_01_01
INCOV003-BL,DRB1,field_1,arcasHLA,07
INCOV003-BL,DRB1,field_1,arcasHLA,11
INCOV003-BL,DRB1,field_1,hlaminer,07
INCOV003-BL,DRB1,field_1,hlaminer,11
INCOV003-BL,DRB1,field_1,optitype,NA
INCOV003-BL,DRB1,field_1,phlat,07
INCOV003-BL,DRB1,field_1,phlat,11
INCOV003-BL,DRB1,field_2,arcasHLA,07_01
INCOV003-BL,DRB1,field_2,arcasHLA,11_04
INCOV003-BL,DRB1,field_2,hlaminer,07_38
INCOV003-BL,DRB1,field_2,hlaminer,11_04
INCOV003-BL,DRB1,field_2,optitype,NA
INCOV003-BL,DRB1,field_2,phlat,07_01
INCOV003-BL,DRB1,field_2,phlat,11_04
INCOV003-BL,DRB1,field_3,arcasHLA,07_01_01
INCOV003-BL,DRB1,field_3,arcasHLA,11_04_01
INCOV003-BL,DRB1,field_3,hlaminer,NA
INCOV003-BL,DRB1,field_3,hlaminer,NA
INCOV003-BL,DRB1,field_3,optitype,NA
INCOV003-BL,DRB1,field_3,phlat,07_01_01
INCOV003-BL,DRB1,field_3,phlat,11_04_01
INCOV005-AC,A,field_1,arcasHLA,01
INCOV005-AC,A,field_1,arcasHLA,02
INCOV005-AC,A,field_1,hlaminer,02
INCOV005-AC,A,field_1,hlaminer,01
INCOV005-AC,A,field_1,optitype,02
INCOV005-AC,A,field_1,optitype,01
INCOV005-AC,A,field_1,phlat,01
INCOV005-AC,A,field_1,phlat,02
INCOV005-AC,A,field_2,arcasHLA,01_11N
INCOV005-AC,A,field_2,arcasHLA,02_844
INCOV005-AC,A,field_2,hlaminer,02_193
INCOV005-AC,A,field_2,hlaminer,01_01
INCOV005-AC,A,field_2,optitype,02_01
INCOV005-AC,A,field_2,optitype,01_01
INCOV005-AC,A,field_2,phlat,01_01
INCOV005-AC,A,field_2,phlat,02_01
INCOV005-AC,A,field_3,arcasHLA,NA
INCOV005-AC,A,field_3,arcasHLA,NA
INCOV005-AC,A,field_3,hlaminer,NA
INCOV005-AC,A,field_3,hlaminer,NA
INCOV005-AC,A,field_3,optitype,NA
INCOV005-AC,A,field_3,optitype,NA
INCOV005-AC,A,field_3,phlat,NA
INCOV005-AC,A,field_3,phlat,NA
INCOV005-AC,B,field_1,arcasHLA,08
INCOV005-AC,B,field_1,arcasHLA,18
INCOV005-AC,B,field_1,hlaminer,15
INCOV005-AC,B,field_1,hlaminer,56
INCOV005-AC,B,field_1,optitype,08
INCOV005-AC,B,field_1,optitype,18
INCOV005-AC,B,field_1,phlat,08
INCOV005-AC,B,field_1,phlat,18
INCOV005-AC,B,field_2,arcasHLA,08_01
INCOV005-AC,B,field_2,arcasHLA,18_01
INCOV005-AC,B,field_2,hlaminer,15_09
INCOV005-AC,B,field_2,hlaminer,56_10
INCOV005-AC,B,field_2,optitype,08_01
INCOV005-AC,B,field_2,optitype,18_01
INCOV005-AC,B,field_2,phlat,08_01
INCOV005-AC,B,field_2,phlat,18_01
INCOV005-AC,B,field_3,arcasHLA,08_01_01
INCOV005-AC,B,field_3,arcasHLA,18_01_01
INCOV005-AC,B,field_3,hlaminer,NA
INCOV005-AC,B,field_3,hlaminer,NA
INCOV005-AC,B,field_3,optitype,NA
INCOV005-AC,B,field_3,optitype,NA
INCOV005-AC,B,field_3,phlat,08_01_01
INCOV005-AC,B,field_3,phlat,18_01_01
INCOV005-AC,C,field_1,arcasHLA,07
INCOV005-AC,C,field_1,arcasHLA,07
INCOV005-AC,C,field_1,hlaminer,07
INCOV005-AC,C,field_1,hlaminer,12
INCOV005-AC,C,field_1,optitype,07
INCOV005-AC,C,field_1,optitype,07
INCOV005-AC,C,field_1,phlat,07
INCOV005-AC,C,field_1,phlat,07
INCOV005-AC,C,field_2,arcasHLA,07_01
INCOV005-AC,C,field_2,arcasHLA,07_01
INCOV005-AC,C,field_2,hlaminer,07_65
INCOV005-AC,C,field_2,hlaminer,12_301
INCOV005-AC,C,field_2,optitype,07_01
INCOV005-AC,C,field_2,optitype,07_01
INCOV005-AC,C,field_2,phlat,07_01
INCOV005-AC,C,field_2,phlat,07_01
INCOV005-AC,C,field_3,arcasHLA,07_01_01
INCOV005-AC,C,field_3,arcasHLA,07_01_86
INCOV005-AC,C,field_3,hlaminer,NA
INCOV005-AC,C,field_3,hlaminer,NA
INCOV005-AC,C,field_3,optitype,NA
INCOV005-AC,C,field_3,optitype,NA
INCOV005-AC,C,field_3,phlat,07_01_01
INCOV005-AC,C,field_3,phlat,07_01_01
INCOV005-AC,DPA1,field_1,arcasHLA,01
INCOV005-AC,DPA1,field_1,arcasHLA,01
INCOV005-AC,DPA1,field_1,hlaminer,01
INCOV005-AC,DPA1,field_1,hlaminer,03
INCOV005-AC,DPA1,field_1,optitype,NA
INCOV005-AC,DPA1,field_1,phlat,NA
INCOV005-AC,DPA1,field_2,arcasHLA,01_03
INCOV005-AC,DPA1,field_2,arcasHLA,01_03
INCOV005-AC,DPA1,field_2,hlaminer,01_39
INCOV005-AC,DPA1,field_2,hlaminer,03_01
INCOV005-AC,DPA1,field_2,optitype,NA
INCOV005-AC,DPA1,field_2,phlat,NA
INCOV005-AC,DPA1,field_3,arcasHLA,01_03_01
INCOV005-AC,DPA1,field_3,arcasHLA,01_03_01
INCOV005-AC,DPA1,field_3,hlaminer,NA
INCOV005-AC,DPA1,field_3,hlaminer,NA
INCOV005-AC,DPA1,field_3,optitype,NA
INCOV005-AC,DPA1,field_3,phlat,NA
INCOV005-AC,DPB1,field_1,arcasHLA,04
INCOV005-AC,DPB1,field_1,arcasHLA,03
INCOV005-AC,DPB1,field_1,hlaminer,109
INCOV005-AC,DPB1,field_1,hlaminer,06
INCOV005-AC,DPB1,field_1,optitype,NA
INCOV005-AC,DPB1,field_1,phlat,NA
INCOV005-AC,DPB1,field_2,arcasHLA,04_02
INCOV005-AC,DPB1,field_2,arcasHLA,03_01
INCOV005-AC,DPB1,field_2,hlaminer,109_01
INCOV005-AC,DPB1,field_2,hlaminer,06_01
INCOV005-AC,DPB1,field_2,optitype,NA
INCOV005-AC,DPB1,field_2,phlat,NA
INCOV005-AC,DPB1,field_3,arcasHLA,04_02_01
INCOV005-AC,DPB1,field_3,arcasHLA,03_01_01
INCOV005-AC,DPB1,field_3,hlaminer,NA
INCOV005-AC,DPB1,field_3,hlaminer,NA
INCOV005-AC,DPB1,field_3,optitype,NA
INCOV005-AC,DPB1,field_3,phlat,NA
INCOV005-AC,DQA1,field_1,arcasHLA,05
INCOV005-AC,DQA1,field_1,arcasHLA,05
INCOV005-AC,DQA1,field_1,hlaminer,05
INCOV005-AC,DQA1,field_1,optitype,NA
INCOV005-AC,DQA1,field_1,phlat,05
INCOV005-AC,DQA1,field_1,phlat,05
INCOV005-AC,DQA1,field_2,arcasHLA,05_01
INCOV005-AC,DQA1,field_2,arcasHLA,05_05
INCOV005-AC,DQA1,field_2,hlaminer,05_01
INCOV005-AC,DQA1,field_2,optitype,NA
INCOV005-AC,DQA1,field_2,phlat,05_05
INCOV005-AC,DQA1,field_2,phlat,05_05
INCOV005-AC,DQA1,field_3,arcasHLA,05_01_01
INCOV005-AC,DQA1,field_3,arcasHLA,05_05_01
INCOV005-AC,DQA1,field_3,hlaminer,NA
INCOV005-AC,DQA1,field_3,optitype,NA
INCOV005-AC,DQA1,field_3,phlat,05_05_01
INCOV005-AC,DQA1,field_3,phlat,05_05_01
INCOV005-AC,DQB1,field_1,arcasHLA,02
INCOV005-AC,DQB1,field_1,arcasHLA,03
INCOV005-AC,DQB1,field_1,hlaminer,02
INCOV005-AC,DQB1,field_1,hlaminer,03
INCOV005-AC,DQB1,field_1,optitype,NA
INCOV005-AC,DQB1,field_1,phlat,02
INCOV005-AC,DQB1,field_1,phlat,03
INCOV005-AC,DQB1,field_2,arcasHLA,02_01
INCOV005-AC,DQB1,field_2,arcasHLA,03_01
INCOV005-AC,DQB1,field_2,hlaminer,02_01
INCOV005-AC,DQB1,field_2,hlaminer,03_01
INCOV005-AC,DQB1,field_2,optitype,NA
INCOV005-AC,DQB1,field_2,phlat,02_01
INCOV005-AC,DQB1,field_2,phlat,03_01
INCOV005-AC,DQB1,field_3,arcasHLA,02_01_01
INCOV005-AC,DQB1,field_3,arcasHLA,03_01_01
INCOV005-AC,DQB1,field_3,hlaminer,NA
INCOV005-AC,DQB1,field_3,hlaminer,NA
INCOV005-AC,DQB1,field_3,optitype,NA
INCOV005-AC,DQB1,field_3,phlat,02_01_01
INCOV005-AC,DQB1,field_3,phlat,03_01_01
INCOV005-AC,DRB1,field_1,arcasHLA,03
INCOV005-AC,DRB1,field_1,arcasHLA,11
INCOV005-AC,DRB1,field_1,hlaminer,03
INCOV005-AC,DRB1,field_1,hlaminer,11
INCOV005-AC,DRB1,field_1,optitype,NA
INCOV005-AC,DRB1,field_1,phlat,03
INCOV005-AC,DRB1,field_1,phlat,11
INCOV005-AC,DRB1,field_2,arcasHLA,03_01
INCOV005-AC,DRB1,field_2,arcasHLA,11_04
INCOV005-AC,DRB1,field_2,hlaminer,03_141
INCOV005-AC,DRB1,field_2,hlaminer,11_04
INCOV005-AC,DRB1,field_2,optitype,NA
INCOV005-AC,DRB1,field_2,phlat,03_01
INCOV005-AC,DRB1,field_2,phlat,11_04
INCOV005-AC,DRB1,field_3,arcasHLA,03_01_01
INCOV005-AC,DRB1,field_3,arcasHLA,11_04_01
INCOV005-AC,DRB1,field_3,hlaminer,NA
INCOV005-AC,DRB1,field_3,hlaminer,NA
INCOV005-AC,DRB1,field_3,optitype,NA
INCOV005-AC,DRB1,field_3,phlat,03_01_01
INCOV005-AC,DRB1,field_3,phlat,11_04_01
INCOV006-BL,A,field_1,arcasHLA,68
INCOV006-BL,A,field_1,arcasHLA,68
INCOV006-BL,A,field_1,hlaminer,68
INCOV006-BL,A,field_1,hlaminer,66
INCOV006-BL,A,field_1,optitype,68
INCOV006-BL,A,field_1,optitype,68
INCOV006-BL,A,field_1,phlat,68
INCOV006-BL,A,field_1,phlat,68
INCOV006-BL,A,field_2,arcasHLA,68_01
INCOV006-BL,A,field_2,arcasHLA,68_01
INCOV006-BL,A,field_2,hlaminer,68_22
INCOV006-BL,A,field_2,hlaminer,66_01
INCOV006-BL,A,field_2,optitype,68_01
INCOV006-BL,A,field_2,optitype,68_01
INCOV006-BL,A,field_2,phlat,68_01
INCOV006-BL,A,field_2,phlat,68_01
INCOV006-BL,A,field_3,arcasHLA,68_01_02
INCOV006-BL,A,field_3,arcasHLA,68_01_02
INCOV006-BL,A,field_3,hlaminer,NA
INCOV006-BL,A,field_3,hlaminer,NA
INCOV006-BL,A,field_3,optitype,NA
INCOV006-BL,A,field_3,optitype,NA
INCOV006-BL,A,field_3,phlat,68_01_02
INCOV006-BL,A,field_3,phlat,68_01_02
INCOV006-BL,B,field_1,arcasHLA,07
INCOV006-BL,B,field_1,arcasHLA,07
INCOV006-BL,B,field_1,hlaminer,56
INCOV006-BL,B,field_1,hlaminer,55
INCOV006-BL,B,field_1,optitype,07
INCOV006-BL,B,field_1,optitype,07
INCOV006-BL,B,field_1,phlat,07
INCOV006-BL,B,field_1,phlat,07
INCOV006-BL,B,field_2,arcasHLA,07_386N
INCOV006-BL,B,field_2,arcasHLA,07_386N
INCOV006-BL,B,field_2,hlaminer,56_30
INCOV006-BL,B,field_2,hlaminer,55_01
INCOV006-BL,B,field_2,optitype,07_02
INCOV006-BL,B,field_2,optitype,07_02
INCOV006-BL,B,field_2,phlat,07_02
INCOV006-BL,B,field_2,phlat,07_02
INCOV006-BL,B,field_3,arcasHLA,NA
INCOV006-BL,B,field_3,arcasHLA,NA
INCOV006-BL,B,field_3,hlaminer,NA
INCOV006-BL,B,field_3,hlaminer,NA
INCOV006-BL,B,field_3,optitype,NA
INCOV006-BL,B,field_3,optitype,NA
INCOV006-BL,B,field_3,phlat,07_02_01
INCOV006-BL,B,field_3,phlat,07_02_01
INCOV006-BL,C,field_1,arcasHLA,07
INCOV006-BL,C,field_1,arcasHLA,07
INCOV006-BL,C,field_1,hlaminer,07
INCOV006-BL,C,field_1,hlaminer,06
INCOV006-BL,C,field_1,optitype,07
INCOV006-BL,C,field_1,optitype,07
INCOV006-BL,C,field_1,phlat,07
INCOV006-BL,C,field_1,phlat,07
INCOV006-BL,C,field_2,arcasHLA,07_80
INCOV006-BL,C,field_2,arcasHLA,07_80
INCOV006-BL,C,field_2,hlaminer,07_631
INCOV006-BL,C,field_2,hlaminer,06_02
INCOV006-BL,C,field_2,optitype,07_02
INCOV006-BL,C,field_2,optitype,07_02
INCOV006-BL,C,field_2,phlat,07_02
INCOV006-BL,C,field_2,phlat,07_02
INCOV006-BL,C,field_3,arcasHLA,NA
INCOV006-BL,C,field_3,arcasHLA,NA
INCOV006-BL,C,field_3,hlaminer,NA
INCOV006-BL,C,field_3,hlaminer,NA
INCOV006-BL,C,field_3,optitype,NA
INCOV006-BL,C,field_3,optitype,NA
INCOV006-BL,C,field_3,phlat,07_02_01
INCOV006-BL,C,field_3,phlat,07_02_01
INCOV006-BL,DPA1,field_1,arcasHLA,01
INCOV006-BL,DPA1,field_1,arcasHLA,01
INCOV006-BL,DPA1,field_1,hlaminer,01
INCOV006-BL,DPA1,field_1,hlaminer,02
INCOV006-BL,DPA1,field_1,optitype,NA
INCOV006-BL,DPA1,field_1,phlat,NA
INCOV006-BL,DPA1,field_2,arcasHLA,01_03
INCOV006-BL,DPA1,field_2,arcasHLA,01_03
INCOV006-BL,DPA1,field_2,hlaminer,01_03
INCOV006-BL,DPA1,field_2,hlaminer,02_01
INCOV006-BL,DPA1,field_2,optitype,NA
INCOV006-BL,DPA1,field_2,phlat,NA
INCOV006-BL,DPA1,field_3,arcasHLA,01_03_01
INCOV006-BL,DPA1,field_3,arcasHLA,01_03_01
INCOV006-BL,DPA1,field_3,hlaminer,NA
INCOV006-BL,DPA1,field_3,hlaminer,NA
INCOV006-BL,DPA1,field_3,optitype,NA
INCOV006-BL,DPA1,field_3,phlat,NA
INCOV006-BL,DPB1,field_1,arcasHLA,04
INCOV006-BL,DPB1,field_1,arcasHLA,04
INCOV006-BL,DPB1,field_1,hlaminer,04
INCOV006-BL,DPB1,field_1,hlaminer,184
INCOV006-BL,DPB1,field_1,optitype,NA
INCOV006-BL,DPB1,field_1,phlat,NA
INCOV006-BL,DPB1,field_2,arcasHLA,04_02
INCOV006-BL,DPB1,field_2,arcasHLA,04_02
INCOV006-BL,DPB1,field_2,hlaminer,04_02
INCOV006-BL,DPB1,field_2,hlaminer,184_01
INCOV006-BL,DPB1,field_2,optitype,NA
INCOV006-BL,DPB1,field_2,phlat,NA
INCOV006-BL,DPB1,field_3,arcasHLA,04_02_01
INCOV006-BL,DPB1,field_3,arcasHLA,04_02_01
INCOV006-BL,DPB1,field_3,hlaminer,NA
INCOV006-BL,DPB1,field_3,hlaminer,NA
INCOV006-BL,DPB1,field_3,optitype,NA
INCOV006-BL,DPB1,field_3,phlat,NA
INCOV006-BL,DQA1,field_1,arcasHLA,01
INCOV006-BL,DQA1,field_1,arcasHLA,01
INCOV006-BL,DQA1,field_1,hlaminer,01
INCOV006-BL,DQA1,field_1,optitype,NA
INCOV006-BL,DQA1,field_1,phlat,01
INCOV006-BL,DQA1,field_1,phlat,01
INCOV006-BL,DQA1,field_2,arcasHLA,01_01
INCOV006-BL,DQA1,field_2,arcasHLA,01_01
INCOV006-BL,DQA1,field_2,hlaminer,01_01
INCOV006-BL,DQA1,field_2,optitype,NA
INCOV006-BL,DQA1,field_2,phlat,01_01
INCOV006-BL,DQA1,field_2,phlat,01_01
INCOV006-BL,DQA1,field_3,arcasHLA,01_01_01
INCOV006-BL,DQA1,field_3,arcasHLA,01_01_01
INCOV006-BL,DQA1,field_3,hlaminer,NA
INCOV006-BL,DQA1,field_3,optitype,NA
INCOV006-BL,DQA1,field_3,phlat,01_01_01
INCOV006-BL,DQA1,field_3,phlat,01_01_01
INCOV006-BL,DQB1,field_1,arcasHLA,05
INCOV006-BL,DQB1,field_1,arcasHLA,05
INCOV006-BL,DQB1,field_1,hlaminer,05
INCOV006-BL,DQB1,field_1,optitype,NA
INCOV006-BL,DQB1,field_1,phlat,05
INCOV006-BL,DQB1,field_1,phlat,05
INCOV006-BL,DQB1,field_2,arcasHLA,05_45
INCOV006-BL,DQB1,field_2,arcasHLA,05_01
INCOV006-BL,DQB1,field_2,hlaminer,05_01
INCOV006-BL,DQB1,field_2,optitype,NA
INCOV006-BL,DQB1,field_2,phlat,05_01
INCOV006-BL,DQB1,field_2,phlat,05_01
INCOV006-BL,DQB1,field_3,arcasHLA,NA
INCOV006-BL,DQB1,field_3,arcasHLA,05_01_01
INCOV006-BL,DQB1,field_3,hlaminer,NA
INCOV006-BL,DQB1,field_3,optitype,NA
INCOV006-BL,DQB1,field_3,phlat,05_01_01
INCOV006-BL,DQB1,field_3,phlat,05_01_01
INCOV006-BL,DRB1,field_1,arcasHLA,01
INCOV006-BL,DRB1,field_1,arcasHLA,01
INCOV006-BL,DRB1,field_1,hlaminer,01
INCOV006-BL,DRB1,field_1,hlaminer,16
INCOV006-BL,DRB1,field_1,optitype,NA
INCOV006-BL,DRB1,field_1,phlat,01
INCOV006-BL,DRB1,field_1,phlat,01
INCOV006-BL,DRB1,field_2,arcasHLA,01_01
INCOV006-BL,DRB1,field_2,arcasHLA,01_01
INCOV006-BL,DRB1,field_2,hlaminer,01_69
INCOV006-BL,DRB1,field_2,hlaminer,16_03
INCOV006-BL,DRB1,field_2,optitype,NA
INCOV006-BL,DRB1,field_2,phlat,01_01
INCOV006-BL,DRB1,field_2,phlat,01_01
INCOV006-BL,DRB1,field_3,arcasHLA,01_01_01
INCOV006-BL,DRB1,field_3,arcasHLA,01_01_01
INCOV006-BL,DRB1,field_3,hlaminer,NA
INCOV006-BL,DRB1,field_3,hlaminer,NA
INCOV006-BL,DRB1,field_3,optitype,NA
INCOV006-BL,DRB1,field_3,phlat,01_01_01
INCOV006-BL,DRB1,field_3,phlat,01_01_01
INCOV007-AC,A,field_1,arcasHLA,03
INCOV007-AC,A,field_1,arcasHLA,32
INCOV007-AC,A,field_1,hlaminer,32
INCOV007-AC,A,field_1,hlaminer,74
INCOV007-AC,A,field_1,optitype,03
INCOV007-AC,A,field_1,optitype,32
INCOV007-AC,A,field_1,phlat,03
INCOV007-AC,A,field_1,phlat,32
INCOV007-AC,A,field_2,arcasHLA,03_01
INCOV007-AC,A,field_2,arcasHLA,32_01
INCOV007-AC,A,field_2,hlaminer,32_47
INCOV007-AC,A,field_2,hlaminer,74_01
INCOV007-AC,A,field_2,optitype,03_01
INCOV007-AC,A,field_2,optitype,32_01
INCOV007-AC,A,field_2,phlat,03_01
INCOV007-AC,A,field_2,phlat,32_01
INCOV007-AC,A,field_3,arcasHLA,03_01_01
INCOV007-AC,A,field_3,arcasHLA,32_01_01
INCOV007-AC,A,field_3,hlaminer,NA
INCOV007-AC,A,field_3,hlaminer,NA
INCOV007-AC,A,field_3,optitype,NA
INCOV007-AC,A,field_3,optitype,NA
INCOV007-AC,A,field_3,phlat,NA
INCOV007-AC,A,field_3,phlat,NA
INCOV007-AC,B,field_1,arcasHLA,35
INCOV007-AC,B,field_1,arcasHLA,35
INCOV007-AC,B,field_1,hlaminer,44
INCOV007-AC,B,field_1,hlaminer,40
INCOV007-AC,B,field_1,optitype,44
INCOV007-AC,B,field_1,optitype,35
INCOV007-AC,B,field_1,phlat,35
INCOV007-AC,B,field_1,phlat,44
INCOV007-AC,B,field_2,arcasHLA,35_309
INCOV007-AC,B,field_2,arcasHLA,35_429
INCOV007-AC,B,field_2,hlaminer,44_444
INCOV007-AC,B,field_2,hlaminer,40_06
INCOV007-AC,B,field_2,optitype,44_02
INCOV007-AC,B,field_2,optitype,35_02
INCOV007-AC,B,field_2,phlat,35_02
INCOV007-AC,B,field_2,phlat,44_02
INCOV007-AC,B,field_3,arcasHLA,NA
INCOV007-AC,B,field_3,arcasHLA,NA
INCOV007-AC,B,field_3,hlaminer,NA
INCOV007-AC,B,field_3,hlaminer,NA
INCOV007-AC,B,field_3,optitype,NA
INCOV007-AC,B,field_3,optitype,NA
INCOV007-AC,B,field_3,phlat,35_02_01
INCOV007-AC,B,field_3,phlat,44_02_01
INCOV007-AC,C,field_1,arcasHLA,05
INCOV007-AC,C,field_1,arcasHLA,06
INCOV007-AC,C,field_1,hlaminer,06
INCOV007-AC,C,field_1,hlaminer,05
INCOV007-AC,C,field_1,optitype,06
INCOV007-AC,C,field_1,optitype,05
INCOV007-AC,C,field_1,phlat,05
INCOV007-AC,C,field_1,phlat,06
INCOV007-AC,C,field_2,arcasHLA,05_01
INCOV007-AC,C,field_2,arcasHLA,06_02
INCOV007-AC,C,field_2,hlaminer,06_84
INCOV007-AC,C,field_2,hlaminer,05_164
INCOV007-AC,C,field_2,optitype,06_02
INCOV007-AC,C,field_2,optitype,05_01
INCOV007-AC,C,field_2,phlat,05_01
INCOV007-AC,C,field_2,phlat,06_02
INCOV007-AC,C,field_3,arcasHLA,05_01_01
INCOV007-AC,C,field_3,arcasHLA,06_02_01
INCOV007-AC,C,field_3,hlaminer,NA
INCOV007-AC,C,field_3,hlaminer,NA
INCOV007-AC,C,field_3,optitype,NA
INCOV007-AC,C,field_3,optitype,NA
INCOV007-AC,C,field_3,phlat,05_01_01
INCOV007-AC,C,field_3,phlat,06_02_01
INCOV007-AC,DPA1,field_1,arcasHLA,01
INCOV007-AC,DPA1,field_1,arcasHLA,01
INCOV007-AC,DPA1,field_1,hlaminer,01
INCOV007-AC,DPA1,field_1,hlaminer,02
INCOV007-AC,DPA1,field_1,optitype,NA
INCOV007-AC,DPA1,field_1,phlat,NA
INCOV007-AC,DPA1,field_2,arcasHLA,01_03
INCOV007-AC,DPA1,field_2,arcasHLA,01_03
INCOV007-AC,DPA1,field_2,hlaminer,01_03
INCOV007-AC,DPA1,field_2,hlaminer,02_01
INCOV007-AC,DPA1,field_2,optitype,NA
INCOV007-AC,DPA1,field_2,phlat,NA
INCOV007-AC,DPA1,field_3,arcasHLA,01_03_01
INCOV007-AC,DPA1,field_3,arcasHLA,01_03_01
INCOV007-AC,DPA1,field_3,hlaminer,NA
INCOV007-AC,DPA1,field_3,hlaminer,NA
INCOV007-AC,DPA1,field_3,optitype,NA
INCOV007-AC,DPA1,field_3,phlat,NA
INCOV007-AC,DPB1,field_1,arcasHLA,02
INCOV007-AC,DPB1,field_1,arcasHLA,04
INCOV007-AC,DPB1,field_1,hlaminer,04
INCOV007-AC,DPB1,field_1,hlaminer,33
INCOV007-AC,DPB1,field_1,optitype,NA
INCOV007-AC,DPB1,field_1,phlat,NA
INCOV007-AC,DPB1,field_2,arcasHLA,02_01
INCOV007-AC,DPB1,field_2,arcasHLA,04_01
INCOV007-AC,DPB1,field_2,hlaminer,04_01
INCOV007-AC,DPB1,field_2,hlaminer,33_01
INCOV007-AC,DPB1,field_2,optitype,NA
INCOV007-AC,DPB1,field_2,phlat,NA
INCOV007-AC,DPB1,field_3,arcasHLA,02_01_02
INCOV007-AC,DPB1,field_3,arcasHLA,04_01_01
INCOV007-AC,DPB1,field_3,hlaminer,NA
INCOV007-AC,DPB1,field_3,hlaminer,NA
INCOV007-AC,DPB1,field_3,optitype,NA
INCOV007-AC,DPB1,field_3,phlat,NA
INCOV007-AC,DQA1,field_1,arcasHLA,05
INCOV007-AC,DQA1,field_1,arcasHLA,05
INCOV007-AC,DQA1,field_1,hlaminer,05
INCOV007-AC,DQA1,field_1,optitype,NA
INCOV007-AC,DQA1,field_1,phlat,05
INCOV007-AC,DQA1,field_1,phlat,05
INCOV007-AC,DQA1,field_2,arcasHLA,05_05
INCOV007-AC,DQA1,field_2,arcasHLA,05_05
INCOV007-AC,DQA1,field_2,hlaminer,05_01
INCOV007-AC,DQA1,field_2,optitype,NA
INCOV007-AC,DQA1,field_2,phlat,05_05
INCOV007-AC,DQA1,field_2,phlat,05_05
INCOV007-AC,DQA1,field_3,arcasHLA,05_05_01
INCOV007-AC,DQA1,field_3,arcasHLA,05_05_01
INCOV007-AC,DQA1,field_3,hlaminer,NA
INCOV007-AC,DQA1,field_3,optitype,NA
INCOV007-AC,DQA1,field_3,phlat,05_05_01
INCOV007-AC,DQA1,field_3,phlat,05_05_01
INCOV007-AC,DQB1,field_1,arcasHLA,03
INCOV007-AC,DQB1,field_1,arcasHLA,03
INCOV007-AC,DQB1,field_1,hlaminer,03
INCOV007-AC,DQB1,field_1,optitype,NA
INCOV007-AC,DQB1,field_1,phlat,03
INCOV007-AC,DQB1,field_1,phlat,03
INCOV007-AC,DQB1,field_2,arcasHLA,03_01
INCOV007-AC,DQB1,field_2,arcasHLA,03_01
INCOV007-AC,DQB1,field_2,hlaminer,03_01
INCOV007-AC,DQB1,field_2,optitype,NA
INCOV007-AC,DQB1,field_2,phlat,03_01
INCOV007-AC,DQB1,field_2,phlat,03_01
INCOV007-AC,DQB1,field_3,arcasHLA,03_01_01
INCOV007-AC,DQB1,field_3,arcasHLA,03_01_46
INCOV007-AC,DQB1,field_3,hlaminer,NA
INCOV007-AC,DQB1,field_3,optitype,NA
INCOV007-AC,DQB1,field_3,phlat,03_01_01
INCOV007-AC,DQB1,field_3,phlat,03_01_01
INCOV007-AC,DRB1,field_1,arcasHLA,11
INCOV007-AC,DRB1,field_1,arcasHLA,12
INCOV007-AC,DRB1,field_1,hlaminer,14
INCOV007-AC,DRB1,field_1,hlaminer,03
INCOV007-AC,DRB1,field_1,optitype,NA
INCOV007-AC,DRB1,field_1,phlat,11
INCOV007-AC,DRB1,field_1,phlat,12
INCOV007-AC,DRB1,field_2,arcasHLA,11_04
INCOV007-AC,DRB1,field_2,arcasHLA,12_01
INCOV007-AC,DRB1,field_2,hlaminer,14_24
INCOV007-AC,DRB1,field_2,hlaminer,03_15
INCOV007-AC,DRB1,field_2,optitype,NA
INCOV007-AC,DRB1,field_2,phlat,11_04
INCOV007-AC,DRB1,field_2,phlat,12_01
INCOV007-AC,DRB1,field_3,arcasHLA,11_04_01
INCOV007-AC,DRB1,field_3,arcasHLA,12_01_01
INCOV007-AC,DRB1,field_3,hlaminer,NA
INCOV007-AC,DRB1,field_3,hlaminer,NA
INCOV007-AC,DRB1,field_3,optitype,NA
INCOV007-AC,DRB1,field_3,phlat,NA
INCOV007-AC,DRB1,field_3,phlat,NA
INCOV003-AC,DRB3,field_1,arcasHLA,02
INCOV003-AC,DRB3,field_1,arcasHLA,NA
INCOV003-AC,DRB3,field_1,hlaminer,02
INCOV003-AC,DRB3,field_1,hlaminer,NA
INCOV003-AC,DRB3,field_2,arcasHLA,02_02
INCOV003-AC,DRB3,field_2,arcasHLA,NA
INCOV003-AC,DRB3,field_2,hlaminer,02_11
INCOV003-AC,DRB3,field_2,hlaminer,NA
INCOV003-AC,DRB3,field_3,arcasHLA,02_02_01
INCOV003-AC,DRB3,field_3,arcasHLA,NA
INCOV003-AC,DRB4,field_1,arcasHLA,01
INCOV003-AC,DRB4,field_1,arcasHLA,NA
INCOV003-AC,DRB4,field_1,hlaminer,01
INCOV003-AC,DRB4,field_1,hlaminer,NA
INCOV003-AC,DRB4,field_2,arcasHLA,01_03
INCOV003-AC,DRB4,field_2,arcasHLA,NA
INCOV003-AC,DRB4,field_2,hlaminer,01_07
INCOV003-AC,DRB4,field_2,hlaminer,NA
INCOV003-AC,DRB4,field_3,arcasHLA,01_03_01
INCOV003-AC,DRB4,field_3,arcasHLA,NA
INCOV003-AC,DRB5,field_1,arcasHLA,NA
INCOV003-AC,DRB5,field_1,arcasHLA,NA
INCOV003-AC,DRB5,field_1,hlaminer,NA
INCOV003-AC,DRB5,field_1,hlaminer,NA
INCOV003-AC,DRB5,field_2,arcasHLA,NA
INCOV003-AC,DRB5,field_2,arcasHLA,NA
INCOV003-AC,DRB5,field_2,hlaminer,NA
INCOV003-AC,DRB5,field_2,hlaminer,NA
INCOV003-AC,DRB5,field_3,arcasHLA,NA
INCOV003-AC,DRB5,field_3,arcasHLA,NA
INCOV003-BL,DRB3,field_1,arcasHLA,02
INCOV003-BL,DRB3,field_1,arcasHLA,NA
INCOV003-BL,DRB3,field_1,hlaminer,02
INCOV003-BL,DRB3,field_1,hlaminer,NA
INCOV003-BL,DRB3,field_2,arcasHLA,02_02
INCOV003-BL,DRB3,field_2,arcasHLA,NA
INCOV003-BL,DRB3,field_2,hlaminer,02_10
INCOV003-BL,DRB3,field_2,hlaminer,NA
INCOV003-BL,DRB3,field_3,arcasHLA,02_02_01
INCOV003-BL,DRB3,field_3,arcasHLA,NA
INCOV003-BL,DRB4,field_1,arcasHLA,01
INCOV003-BL,DRB4,field_1,arcasHLA,NA
INCOV003-BL,DRB4,field_1,hlaminer,01
INCOV003-BL,DRB4,field_1,hlaminer,NA
INCOV003-BL,DRB4,field_2,arcasHLA,01_03
INCOV003-BL,DRB4,field_2,arcasHLA,NA
INCOV003-BL,DRB4,field_2,hlaminer,01_07
INCOV003-BL,DRB4,field_2,hlaminer,NA
INCOV003-BL,DRB4,field_3,arcasHLA,01_03_01
INCOV003-BL,DRB4,field_3,arcasHLA,NA
INCOV003-BL,DRB5,field_1,arcasHLA,NA
INCOV003-BL,DRB5,field_1,arcasHLA,NA
INCOV003-BL,DRB5,field_1,hlaminer,NA
INCOV003-BL,DRB5,field_1,hlaminer,NA
INCOV003-BL,DRB5,field_2,arcasHLA,NA
INCOV003-BL,DRB5,field_2,arcasHLA,NA
INCOV003-BL,DRB5,field_2,hlaminer,NA
INCOV003-BL,DRB5,field_2,hlaminer,NA
INCOV003-BL,DRB5,field_3,arcasHLA,NA
INCOV003-BL,DRB5,field_3,arcasHLA,NA
INCOV005-AC,DRB3,field_1,arcasHLA,01
INCOV005-AC,DRB3,field_1,arcasHLA,02
INCOV005-AC,DRB3,field_1,hlaminer,01
INCOV005-AC,DRB3,field_1,hlaminer,02
INCOV005-AC,DRB3,field_2,arcasHLA,01_01
INCOV005-AC,DRB3,field_2,arcasHLA,02_02
INCOV005-AC,DRB3,field_2,hlaminer,01_84
INCOV005-AC,DRB3,field_2,hlaminer,02_02
INCOV005-AC,DRB3,field_3,arcasHLA,01_01_02
INCOV005-AC,DRB3,field_3,arcasHLA,02_02_01
INCOV005-AC,DRB4,field_1,arcasHLA,NA
INCOV005-AC,DRB4,field_1,arcasHLA,NA
INCOV005-AC,DRB4,field_1,hlaminer,NA
INCOV005-AC,DRB4,field_1,hlaminer,NA
INCOV005-AC,DRB4,field_2,arcasHLA,NA
INCOV005-AC,DRB4,field_2,arcasHLA,NA
INCOV005-AC,DRB4,field_2,hlaminer,NA
INCOV005-AC,DRB4,field_2,hlaminer,NA
INCOV005-AC,DRB4,field_3,arcasHLA,NA
INCOV005-AC,DRB4,field_3,arcasHLA,NA
INCOV005-AC,DRB5,field_1,arcasHLA,NA
INCOV005-AC,DRB5,field_1,arcasHLA,NA
INCOV005-AC,DRB5,field_1,hlaminer,NA
INCOV005-AC,DRB5,field_1,hlaminer,NA
INCOV005-AC,DRB5,field_2,arcasHLA,NA
INCOV005-AC,DRB5,field_2,arcasHLA,NA
INCOV005-AC,DRB5,field_2,hlaminer,NA
INCOV005-AC,DRB5,field_2,hlaminer,NA
INCOV005-AC,DRB5,field_3,arcasHLA,NA
INCOV005-AC,DRB5,field_3,arcasHLA,NA
INCOV007-AC,DRB3,field_1,arcasHLA,02
INCOV007-AC,DRB3,field_1,arcasHLA,02
INCOV007-AC,DRB3,field_1,hlaminer,02
INCOV007-AC,DRB3,field_1,hlaminer,01
INCOV007-AC,DRB3,field_2,arcasHLA,02_02
INCOV007-AC,DRB3,field_2,arcasHLA,02_02
INCOV007-AC,DRB3,field_2,hlaminer,02_02
INCOV007-AC,DRB3,field_2,hlaminer,01_01
INCOV007-AC,DRB3,field_3,arcasHLA,02_02_01
INCOV007-AC,DRB3,field_3,arcasHLA,02_02_01
INCOV007-AC,DRB4,field_1,arcasHLA,NA
INCOV007-AC,DRB4,field_1,arcasHLA,NA
INCOV007-AC,DRB4,field_1,hlaminer,NA
INCOV007-AC,DRB4,field_1,hlaminer,NA
INCOV007-AC,DRB4,field_2,arcasHLA,NA
INCOV007-AC,DRB4,field_2,arcasHLA,NA
INCOV007-AC,DRB4,field_2,hlaminer,NA
INCOV007-AC,DRB4,field_2,hlaminer,NA
INCOV007-AC,DRB4,field_3,arcasHLA,NA
INCOV007-AC,DRB4,field_3,arcasHLA,NA
INCOV007-AC,DRB5,field_1,arcasHLA,NA
INCOV007-AC,DRB5,field_1,arcasHLA,NA
INCOV007-AC,DRB5,field_1,hlaminer,NA
INCOV007-AC,DRB5,field_1,hlaminer,NA
INCOV007-AC,DRB5,field_2,arcasHLA,NA
INCOV007-AC,DRB5,field_2,arcasHLA,NA
INCOV007-AC,DRB5,field_2,hlaminer,NA
INCOV007-AC,DRB5,field_2,hlaminer,NA
INCOV007-AC,DRB5,field_3,arcasHLA,NA
INCOV007-AC,DRB5,field_3,arcasHLA,NA
