index	Sample ID	Locus	Allele 1	Allele 2	Comments	Diploid Ambiguities	Allele 1 Ambiguities	Allele 2 Ambiguities
0	INCOV002-AC	A	A*01:01:01	A*02:01:01				A*02:01:130,A*02:01:159,A*02:844
1	INCOV002-AC	B	B*15:17:01	B*44:02:01				
2	INCOV002-AC	C	C*05:01:01	C*07:01:02				
3	INCOV002-AC	DPA1	DPA1*01:03:01	DPA1*01:03:01				
4	INCOV002-AC	DPB1	DPB1*02:01:02	DPB1*20:01:01		DPB1*352:01:02+DPB1*905:01	DPB1*02:01:19	
5	INCOV002-AC	DQA1	DQA1*01:02:01	DQA1*03:03:01				
6	INCOV002-AC	DQB1	DQB1*03:01:01	DQB1*06:04:01				
7	INCOV002-AC	DRB1	DRB1*04:01:01	DRB1*13:02:01				
8	INCOV002-AC	DRB345	DRB3*03:01:01	DRB4*01:03:01				
9	INCOV003-AC	A	A*24:02:01	A*26:01:01				
10	INCOV003-AC	B	B*13:02:01	B*18:01:01				
11	INCOV003-AC	C	C*06:02:01	C*07:01:01				
12	INCOV003-AC	DPA1	DPA1*01:03:01	DPA1*01:03:01				
13	INCOV003-AC	DPB1	DPB1*02:01:02	DPB1*02:01:02			DPB1*02:01:19	DPB1*02:01:19
14	INCOV003-AC	DQA1	DQA1*02:01:01	DQA1*05:05:01				
15	INCOV003-AC	DQB1	DQB1*02:02:01	DQB1*03:01:01				
16	INCOV003-AC	DRB1	DRB1*07:01:01	DRB1*11:04:01				
17	INCOV003-AC	DRB345	DRB3*02:02:01	DRB4*01:03:01				
18	INCOV004-AC	A	A*02:01:01	A*03:01:01			A*02:01:130,A*02:01:159,A*02:844	
19	INCOV004-AC	B	B*07:02:01	B*15:01:01		B*07:381+B*15:535		
20	INCOV004-AC	C	C*03:04:01	C*07:02:01				
21	INCOV004-AC	DPA1	DPA1*01:03:01	DPA1*01:03:01				
22	INCOV004-AC	DPB1	DPB1*02:01:02	DPB1*04:01:01			DPB1*02:01:19	DPB1*939:01
23	INCOV004-AC	DQA1	DQA1*03:01:01	DQA1*05:05:01				
24	INCOV004-AC	DQB1	DQB1*03:01:01	DQB1*03:02:01				
25	INCOV004-AC	DRB1	DRB1*04:01:01	DRB1*11:01:01				
26	INCOV004-AC	DRB345	DRB3*02:02:01	DRB4*01:03:01				
27	INCOV005-AC	A	A*01:01:01	A*02:01:01				A*02:01:130,A*02:01:159,A*02:844
28	INCOV005-AC	B	B*08:01:01	B*18:01:01				
29	INCOV005-AC	C	C*07:01:01	C*07:01:01				
30	INCOV005-AC	DPA1	DPA1*01:03:01	DPA1*01:03:01				
31	INCOV005-AC	DPB1	DPB1*03:01:01	DPB1*04:02:01		DPB1*351:01+DPB1*463:01:01		
32	INCOV005-AC	DQA1	DQA1*05:01:01	DQA1*05:05:01				
33	INCOV005-AC	DQB1	DQB1*02:01:01	DQB1*03:01:01				
34	INCOV005-AC	DRB1	DRB1*03:01:01	DRB1*11:04:01		DRB1*03:01:08+DRB1*11:04:20	DRB1*03:147	
35	INCOV005-AC	DRB345	DRB3*01:01:02	DRB3*02:02:01				
36	INCOV006-AC	A	A*68:01:02	A*68:01:02				
37	INCOV006-AC	B	B*07:02:01	B*07:02:01				
38	INCOV006-AC	C	C*07:02:01	C*07:02:01				
39	INCOV006-AC	DPA1	DPA1*01:03:01	DPA1*01:03:01				
40	INCOV006-AC	DPB1	DPB1*04:02:01	DPB1*04:02:01				
41	INCOV006-AC	DQA1	DQA1*01:01:01	DQA1*01:01:01				
42	INCOV006-AC	DQB1	DQB1*05:01:01	DQB1*05:01:01				
43	INCOV006-AC	DRB1	DRB1*01:01:01	DRB1*01:01:01			DRB1*01:100	DRB1*01:100
44	INCOV006-AC	DRB345	DRB345*Not_Present	DRB345*Not_Present				
45	INCOV007-AC	A	A*03:01:01	A*32:01:01				
46	INCOV007-AC	B	B*35:02:01	B*44:02:01				
47	INCOV007-AC	C	C*05:01:01	C*06:02:01				
48	INCOV007-AC	DPA1	DPA1*01:03:01	DPA1*01:03:01				
49	INCOV007-AC	DPB1	DPB1*02:01:02	DPB1*04:01:01			DPB1*02:01:19	DPB1*939:01
50	INCOV007-AC	DQA1	DQA1*05:05:01	DQA1*05:05:01				
51	INCOV007-AC	DQB1	DQB1*03:01:01	DQB1*03:01:01		DQB1*03:01:01+DQB1*03:276N		
52	INCOV007-AC	DRB1	DRB1*11:04:01	DRB1*12:01:01				
53	INCOV007-AC	DRB345	DRB3*02:02:01	DRB3*02:02:01				
54	INCOV008-BL	A	A*02:02:01	A*34:02:01				
55	INCOV008-BL	B	B*35:01:01	B*58:01:01				
56	INCOV008-BL	C	C*03:02:02	C*04:01:01				
57	INCOV008-BL	DPA1	DPA1*01:03:01	DPA1*03:01:01		DPA1*01:03:10+DPA1*03:01:02		
58	INCOV008-BL	DPB1	DPB1*105:01:01	DPB1*18:01:01		DPB1*463:01:01+DPB1*942:01		
59	INCOV008-BL	DQA1	DQA1*01:05:01	DQA1*05:01:01				
60	INCOV008-BL	DQB1	DQB1*02:01:01	DQB1*05:01:01				
61	INCOV008-BL	DRB1	DRB1*03:01:01	DRB1*12:01:01			DRB1*03:147	
62	INCOV008-BL	DRB345	DRB3*01:01:02	DRB3*02:02:01				
63	INCOV009-BL	A	A*24:02:01	A*34:01:01				
64	INCOV009-BL	B	B*15:21:01	B*38:02:01				
65	INCOV009-BL	C	C*04:03:01	C*07:02:01				
66	INCOV009-BL	DPA1	DPA1*02:02:02	DPA1*02:02:02				
67	INCOV009-BL	DPB1	DPB1*01:01:01	DPB1*01:01:01				
68	INCOV009-BL	DQA1	DQA1*01:02:01	DQA1*01:02:01				
69	INCOV009-BL	DQB1	DQB1*05:02:01	DQB1*05:02:01				
70	INCOV009-BL	DRB1	DRB1*15:02:01	DRB1*15:02:01				
71	INCOV009-BL	DRB345	DRB5*01:01:01	DRB5*01:01:01				
72	INCOV010-BL	A	A*02:01:01	A*03:01:01			A*02:01:130,A*02:01:159,A*02:844	
73	INCOV010-BL	B	B*15:03:01	B*53:01:01				
74	INCOV010-BL	C	C*02:10:01	C*04:01:01				
75	INCOV010-BL	DPA1	DPA1*01:03:01	DPA1*03:01:01		DPA1*01:03:10+DPA1*03:01:02		
76	INCOV010-BL	DPB1	DPB1*02:01:02	DPB1*105:01:01			DPB1*02:01:19	
77	INCOV010-BL	DQA1	DQA1*01:02:01	DQA1*05:05:01				
78	INCOV010-BL	DQB1	DQB1*03:19:01	DQB1*06:02:01				
79	INCOV010-BL	DRB1	DRB1*11:01:02	DRB1*11:01:02				
80	INCOV010-BL	DRB345	DRB3*02:02:01	DRB3*02:02:01				
0	INCOV011-BL	A	A*03:01:01	A*26:01:01				
1	INCOV011-BL	B	B*35:01:01	B*40:02:01				
2	INCOV011-BL	C	C*02:02:02	C*04:01:01				
3	INCOV011-BL	DPA1	DPA1*01:03:01	DPA1*01:03:01				
4	INCOV011-BL	DPB1	DPB1*02:01:02	DPB1*03:01:01		DPB1*124:01:01,DPB1*124:01:02+DPB1*352:01:02	DPB1*02:01:19	
5	INCOV011-BL	DQA1	DQA1*01:01:01	DQA1*01:02:02				
6	INCOV011-BL	DQB1	DQB1*05:01:01	DQB1*05:02:01				
7	INCOV011-BL	DRB1	DRB1*01:01:01	DRB1*16:02:01			DRB1*01:100	
8	INCOV011-BL	DRB345	DRB345*Not_Present	DRB5*02:02:01				
9	INCOV012-BL	A	A*31:01:02	A*68:02:01				
10	INCOV012-BL	B	B*14:02:01	B*14:02:01				
11	INCOV012-BL	C	C*08:02:01	C*08:02:01				
12	INCOV012-BL	DPA1	DPA1*01:03:01	DPA1*02:01:01				
13	INCOV012-BL	DPB1	DPB1*04:02:01	DPB1*05:01:01		DPB1*463:01:01+DPB1*790:01		
14	INCOV012-BL	DQA1	DQA1*01:02:01	DQA1*01:03:01				
15	INCOV012-BL	DQB1	DQB1*06:03:01	DQB1*06:09:01		DQB1*06:41+DQB1*06:88		
16	INCOV012-BL	DRB1	DRB1*13:01:01	DRB1*13:02:01				
17	INCOV012-BL	DRB345	DRB3*01:01:02	DRB3*03:01:01				
18	INCOV013-BL	A	A*02:01:01	A*24:02:01			A*02:01:130,A*02:01:159,A*02:844	
19	INCOV013-BL	B	B*51:01:01	B*55:01:01				
20	INCOV013-BL	C	C*03:03:01	C*14:02:01				
21	INCOV013-BL	DPA1	DPA1*01:03:01	DPA1*02:02:02				
22	INCOV013-BL	DPB1	DPB1*04:01:01	DPB1*05:01:01		DPB1*350:01+DPB1*744:01&DPB1*702:01+DPB1*744:01	DPB1*939:01N	
23	INCOV013-BL	DQA1	DQA1*01:02:01	DQA1*01:04:01				
24	INCOV013-BL	DQB1	DQB1*05:03:01	DQB1*06:02:01				
25	INCOV013-BL	DRB1	DRB1*14:54:01	DRB1*15:01:01				
26	INCOV013-BL	DRB345	DRB3*02:02:01	DRB5*01:01:01				
27	INCOV014-BL	A	A*01:01:01	A*03:01:01				
28	INCOV014-BL	B	B*13:02:01	B*57:01:01				
29	INCOV014-BL	C	C*06:02:01	C*06:02:01				
30	INCOV014-BL	DPA1	DPA1*01:03:01	DPA1*02:01:01				
31	INCOV014-BL	DPB1	DPB1*04:02:01	DPB1*10:01:01				
32	INCOV014-BL	DQA1	DQA1*03:03:01	DQA1*05:05:01				
33	INCOV014-BL	DQB1	DQB1*03:01:01	DQB1*03:01:01		DQB1*03:01:01+DQB1*03:276N		
34	INCOV014-BL	DRB1	DRB1*04:01:01	DRB1*13:03:01				
35	INCOV014-BL	DRB345	DRB3*01:01:02	DRB4*01:03:01				
36	INCOV015-BL	A	A*11:01:01	A*34:01:01				
37	INCOV015-BL	B	B*15:35	B*40:02:01				
38	INCOV015-BL	C	C*07:02:01	C*15:02:01				C*15:176
39	INCOV015-BL	DPA1	DPA1*02:02:02	DPA1*02:02:02				
40	INCOV015-BL	DPB1	DPB1*01:01:01	DPB1*05:01:01				
41	INCOV015-BL	DQA1	DQA1*01:02:01	DQA1*01:02:01				
42	INCOV015-BL	DQB1	DQB1*05:02:01	DQB1*05:02:01				
43	INCOV015-BL	DRB1	DRB1*15:02:01	DRB1*15:02:01				
44	INCOV015-BL	DRB345	DRB5*01:01:01	DRB5*01:01:01				
45	INCOV016-BL	A	A*02:07:01	A*34:01:01				
46	INCOV016-BL	B	B*27:04:01	B*39:01:01				
47	INCOV016-BL	C	C*07:02:01	C*12:02:02				
48	INCOV016-BL	DPA1	DPA1*02:02:02	DPA1*02:02:02				
49	INCOV016-BL	DPB1	DPB1*135:01	DPB1*135:01				
50	INCOV016-BL	DQA1	DQA1*01:03:01	DQA1*06:01:01				
51	INCOV016-BL	DQB1	DQB1*03:01:01	DQB1*06:01:01				
52	INCOV016-BL	DRB1	DRB1*08:03:02	DRB1*12:02:01				
53	INCOV016-BL	DRB345	DRB3*02:02:01	DRB345*Not_Present				
54	INCOV017-BL	A	A*24:02:01	A*34:01:01				
55	INCOV017-BL	B	B*35:05:01	B*38:02:01				
56	INCOV017-BL	C	C*04:01:01	C*07:02:01				
57	INCOV017-BL	DPA1	DPA1*02:02:02	DPA1*02:02:02				
58	INCOV017-BL	DPB1	DPB1*02:02:01	DPB1*417:01:01				
59	INCOV017-BL	DQA1	DQA1*01:02:01	DQA1*06:01:01				
60	INCOV017-BL	DQB1	DQB1*03:01:01	DQB1*05:02:01				
61	INCOV017-BL	DRB1	DRB1*12:02:01	DRB1*15:02:01				
62	INCOV017-BL	DRB345	DRB3*03:01:03	DRB5*01:01:01				
63	INCOV018-BL	A	A*02:01:01	A*30:02:01			A*02:01:130,A*02:01:159,A*02:844	
64	INCOV018-BL	B	B*07:02:01	B*08:01:01				
65	INCOV018-BL	C	C*07:01:01	C*15:05:02				
66	INCOV018-BL	DPA1	DPA1*01:03:01	DPA1*02:02:02				
67	INCOV018-BL	DPB1	DPB1*01:01:01	DPB1*04:01:01		DPB1*417:01:01+DPB1*849:01		DPB1*939:01N
68	INCOV018-BL	DQA1	DQA1*01:02:01	DQA1*05:01:01				
69	INCOV018-BL	DQB1	DQB1*02:01:01	DQB1*05:02:01				
70	INCOV018-BL	DRB1	DRB1*03:01:01	DRB1*13:02:01			DRB1*03:147	
71	INCOV018-BL	DRB345	DRB3*01:01:02	DRB3*03:01:01				
72	INCOV019-BL	A	A*01:01:01	A*02:01:01				A*02:01:130,A*02:01:159,A*02:844
73	INCOV019-BL	B	B*08:01:01	B*15:01:01				
74	INCOV019-BL	C	C*03:04:01	C*07:01:01				
75	INCOV019-BL	DPA1	DPA1*01:03:01	DPA1*02:01:02				
76	INCOV019-BL	DPB1	DPB1*01:01:01	DPB1*04:01:01		DPB1*417:01:01+DPB1*849:01		DPB1*939:01N
77	INCOV019-BL	DQA1	DQA1*03:03:01	DQA1*05:01:01				
78	INCOV019-BL	DQB1	DQB1*02:01:01	DQB1*03:01:01				
79	INCOV019-BL	DRB1	DRB1*03:01:01	DRB1*04:01:01			DRB1*03:147	
80	INCOV019-BL	DRB345	DRB3*01:01:02	DRB4*01:03:01				
81	INCOV020-BL	A	A*02:01:01	A*24:02:01			A*02:01:130,A*02:01:159,A*02:844	
82	INCOV020-BL	B	B*15:01:01	B*52:01:02				
83	INCOV020-BL	C	C*01:02:01	C*03:03:01				
84	INCOV020-BL	DPA1	DPA1*01:03:01	DPA1*01:03:01				
85	INCOV020-BL	DPB1	DPB1*04:02:01	DPB1*04:02:01				
86	INCOV020-BL	DQA1	DQA1*03:01:01	DQA1*05:03:01				
87	INCOV020-BL	DQB1	DQB1*03:01:01	DQB1*03:02:01				
88	INCOV020-BL	DRB1	DRB1*04:11:01	DRB1*14:06:01				
89	INCOV020-BL	DRB345	DRB3*01:01:02	DRB4*01:03:01				
90	INCOV021-BL	A	A*30:01:01	A*68:02:01				
91	INCOV021-BL	B	B*42:01:01	B*42:01:01				
92	INCOV021-BL	C	C*17:01:01	C*17:01:01				
93	INCOV021-BL	DPA1	DPA1*02:01:01	DPA1*02:01:08				
94	INCOV021-BL	DPB1	DPB1*01:01:01	DPB1*30:01:01				
95	INCOV021-BL	DQA1	DQA1*01:05:01	DQA1*04:01:01				
96	INCOV021-BL	DQB1	DQB1*04:02:01	DQB1*05:01:01				
97	INCOV021-BL	DRB1	DRB1*03:02:01	DRB1*12:01:01				
98	INCOV021-BL	DRB345	DRB3*01:01:02	DRB3*01:62				
0	INCOV022-BL	A	A*23:17:01	A*34:02:01				
1	INCOV022-BL	B	B*07:02:01	B*44:03:01				
2	INCOV022-BL	C	C*04:01:01	C*07:02:01				
3	INCOV022-BL	DPA1	DPA1*01:03:01	DPA1*03:01:01		DPA1*01:03:10+DPA1*03:01:02		DPA1*03:05Q
4	INCOV022-BL	DPB1	DPB1*18:01:01	DPB1*584:01:02				
5	INCOV022-BL	DQA1	DQA1*01:02:01	DQA1*01:02:01				
6	INCOV022-BL	DQB1	DQB1*06:02:01	DQB1*06:02:01				
7	INCOV022-BL	DRB1	DRB1*15:03:01	DRB1*15:03:01				
8	INCOV022-BL	DRB345	DRB5*01:01:01	DRB5*01:01:01				
9	INCOV023-BL	A	A*66:01:01	A*68:02:01				
10	INCOV023-BL	B	B*15:16:01	B*58:02:01				
11	INCOV023-BL	C	C*03:04:02	C*06:02:01				
12	INCOV023-BL	DPA1	DPA1*02:02:02	DPA1*03:01:01				DPA1*03:05Q
13	INCOV023-BL	DPB1	DPB1*01:01:01	DPB1*105:01:01				
14	INCOV023-BL	DQA1	DQA1*03:03:01	DQA1*04:01:01				
15	INCOV023-BL	DQB1	DQB1*03:03:02	DQB1*04:02:01				
16	INCOV023-BL	DRB1	DRB1*03:02:01	DRB1*13:01:01				
17	INCOV023-BL	DRB345	DRB3*01:62:01	DRB3*02:02:01				
18	INCOV024-BL	A	A*29:01:01	A*31:01:02				
19	INCOV024-BL	B	B*07:05:01	B*40:01:02				
20	INCOV024-BL	C	C*03:04:01	C*15:05:02				
21	INCOV024-BL	DPA1	DPA1*01:03:01	DPA1*01:03:01				
22	INCOV024-BL	DPB1	DPB1*02:01:02	DPB1*04:01:01				
23	INCOV024-BL	DQA1	DQA1*01:05:01	DQA1*03:01:01:01				
24	INCOV024-BL	DQB1	DQB1*03:02:01	DQB1*05:01:01				
25	INCOV024-BL	DRB1	DRB1*04:04:01	DRB1*10:01:01				
26	INCOV024-BL	DRB345	DRB345*Not_Present	DRB4*01:03:01				
27	INCOV025-BL	A	A*02:01:01	A*24:03:01				
28	INCOV025-BL	B	B*44:02:01	B*49:01:01				
29	INCOV025-BL	C	C*05:01:01	C*07:01:01				
30	INCOV025-BL	DPA1	DPA1*01:03:01	DPA1*01:03:01				
31	INCOV025-BL	DPB1	DPB1*02:01:02	DPB1*04:01:01				
32	INCOV025-BL	DQA1	DQA1*01:04:01	DQA1*03:03:01				
33	INCOV025-BL	DQB1	DQB1*03:01:01	DQB1*05:03:01				
34	INCOV025-BL	DRB1	DRB1*04:01:01	DRB1*14:216				DRB1*14:54:01
35	INCOV025-BL	DRB345	DRB3*02:02:01	DRB4*01:03:01				
36	INCOV026-BL	A	A*02:01:01	A*02:06:01				
37	INCOV026-BL	B	B*39:02:02	B*40:27:01				
38	INCOV026-BL	C	C*03:05	C*07:02:01				
39	INCOV026-BL	DPA1	DPA1*01:03:01	DPA1*01:03:01				
40	INCOV026-BL	DPB1	DPB1*04:01:01	DPB1*04:02:01		DPB1*105:01:01+DPB1*126:01:01		
41	INCOV026-BL	DQA1	DQA1*03:01:01:01	DQA1*05:05:01				
42	INCOV026-BL	DQB1	DQB1*03:01:01	DQB1*03:02:01				
43	INCOV026-BL	DRB1	DRB1*04:04:01	DRB1*16:02:01				
44	INCOV026-BL	DRB345	DRB4*01:03:01	DRB5*02:02:01				
45	INCOV027-BL	A	A*24:02:01	A*24:07:01				
46	INCOV027-BL	B	B*15:02:01	B*35:03:01				
47	INCOV027-BL	C	C*04:01:01	C*08:01:01				
48	INCOV027-BL	DPA1	DPA1*02:01:01	DPA1*02:02:02			DPA1*02:29	
49	INCOV027-BL	DPB1	DPB1*01:01:01	DPB1*14:01:01				
50	INCOV027-BL	DQA1	DQA1*01:02:01	DQA1*01:04:02		DQA1*01:02:03+DQA1*01:04:01		
51	INCOV027-BL	DQB1	DQB1*05:02:01	DQB1*05:03:01				
52	INCOV027-BL	DRB1	DRB1*14:04:01	DRB1*15:02:01				
53	INCOV027-BL	DRB345	DRB3*02:02:01	DRB5*01:01:01				
54	INCOV028-BL	A	A*02:01:01	A*34:01:01				
55	INCOV028-BL	B	B*40:01:02	B*56:02:01				
56	INCOV028-BL	C	C*01:02:01	C*03:04:01				
57	INCOV028-BL	DPA1	DPA1*01:03:01	DPA1*02:02:02				
58	INCOV028-BL	DPB1	DPB1*04:01:01	DPB1*05:01:01		DPB1*350:01+DPB1*744:01		
59	INCOV028-BL	DQA1	DQA1*03:02:01	DQA1*05:05:01				
60	INCOV028-BL	DQB1	DQB1*03:01:01	DQB1*03:03:02				
61	INCOV028-BL	DRB1	DRB1*09:01:02	DRB1*11:01:01				
62	INCOV028-BL	DRB345	DRB3*02:02:01	DRB4*01:03:02				
63	INCOV029-BL	A	A*23:17:01	A*34:02:01				
64	INCOV029-BL	B	B*44:03:01	B*45:01:01				
65	INCOV029-BL	C	C*04:01:01	C*06:02:01				
66	INCOV029-BL	DPA1	DPA1*01:03:01	DPA1*03:01:01		DPA1*01:03:10+DPA1*03:01:02		DPA1*03:05Q
67	INCOV029-BL	DPB1	DPB1*105:01:01	DPB1*584:01:01				
68	INCOV029-BL	DQA1	DQA1*01:02:01	DQA1*03:03:01				
69	INCOV029-BL	DQB1	DQB1*02:02:01	DQB1*06:02:01				
70	INCOV029-BL	DRB1	DRB1*07:01:01	DRB1*15:03:01				
71	INCOV029-BL	DRB345	DRB4*01:01:01	DRB5*01:01:01				
72	INCOV030-BL	A	A*29:02:01	A*29:02:01				
73	INCOV030-BL	B	B*44:03:01	B*44:03:01				
74	INCOV030-BL	C	C*16:01:01	C*16:01:01				
75	INCOV030-BL	DPA1	DPA1*01:03:01	DPA1*02:01:01				DPA1*02:29
76	INCOV030-BL	DPB1	DPB1*04:01:01	DPB1*11:01:01				
77	INCOV030-BL	DQA1	DQA1*02:01:01	DQA1*02:01:01				
78	INCOV030-BL	DQB1	DQB1*02:02:01	DQB1*02:02:01				
79	INCOV030-BL	DRB1	DRB1*07:01:01	DRB1*07:01:01				
80	INCOV030-BL	DRB345	DRB4*01:01:01	DRB4*01:01:01		DRB4*01:01:01+DRB4*03:01N		
81	INCOV031-BL	A	A*02:06:01	A*25:01:01				
82	INCOV031-BL	B	B*18:01:01	B*40:02:01				
83	INCOV031-BL	C	C*03:06:01	C*12:03:01				
84	INCOV031-BL	DPA1	DPA1*01:03:01	DPA1*01:03:01				
85	INCOV031-BL	DPB1	DPB1*02:01:02	DPB1*04:02:01		DPB1*105:01:01+DPB1*416:01:01		
86	INCOV031-BL	DQA1	DQA1*01:02:01	DQA1*04:01:01				
87	INCOV031-BL	DQB1	DQB1*04:02:01	DQB1*06:02:01				
88	INCOV031-BL	DRB1	DRB1*08:02:01	DRB1*15:01:01				
89	INCOV031-BL	DRB345	DRB345*Not_Present	DRB5*01:01:01				
90	INCOV032-BL	A	A*02:01:01	A*02:01:01				
91	INCOV032-BL	B	B*39:01:01	B*39:02:02				
92	INCOV032-BL	C	C*01:02:01	C*03:04:01				
93	INCOV032-BL	DPA1	DPA1*01:03:01	DPA1*01:03:01				
94	INCOV032-BL	DPB1	DPB1*04:01:01	DPB1*04:02:01		DPB1*105:01:01+DPB1*126:01:01		
95	INCOV032-BL	DQA1	DQA1*03:01:01:01	DQA1*05:03:01				
96	INCOV032-BL	DQB1	DQB1*03:01:01	DQB1*03:02:01				
97	INCOV032-BL	DRB1	DRB1*04:04:01	DRB1*14:06:01				
98	INCOV032-BL	DRB345	DRB3*01:01:02	DRB4*01:03:01				
99	INCOV033-BL	A	A*32:01:01	A*68:01:02				
100	INCOV033-BL	B	B*15:01:01	B*27:05:02				
101	INCOV033-BL	C	C*01:02:01	C*03:03:01				
102	INCOV033-BL	DPA1	DPA1*01:03:01	DPA1*01:03:01				
103	INCOV033-BL	DPB1	DPB1*04:02:01	DPB1*20:01:01				
104	INCOV033-BL	DQA1	DQA1*01:03:01	DQA1*05:01:01				
105	INCOV033-BL	DQB1	DQB1*02:01:01	DQB1*06:03:01				
106	INCOV033-BL	DRB1	DRB1*03:01:01	DRB1*13:01:01		DRB1*03:01:08+DRB1*13:01:19	DRB1*03:147	
107	INCOV033-BL	DRB345	DRB3*01:01:02	DRB3*02:02:01				
108	INCOV034-BL	A	A*02:01:01	A*24:02:01				
109	INCOV034-BL	B	B*39:01:01	B*40:02:01				
110	INCOV034-BL	C	C*07:02:01	C*15:02:01				C*15:176
111	INCOV034-BL	DPA1	DPA1*02:02:02	DPA1*02:02:02				
112	INCOV034-BL	DPB1	DPB1*05:01:01	DPB1*135:01				
113	INCOV034-BL	DQA1	DQA1*01:03:01	DQA1*03:01:01:01				
114	INCOV034-BL	DQB1	DQB1*03:02:01	DQB1*05:03:01				
115	INCOV034-BL	DRB1	DRB1*04:03:01	DRB1*04:05:01				
116	INCOV034-BL	DRB345	DRB4*01:03:01	DRB4*01:03:01				
117	INCOV035-BL	A	A*11:01:01	A*29:01:01				
118	INCOV035-BL	B	B*07:05:01	B*27:06:01				
119	INCOV035-BL	C	C*03:04:01	C*15:05:02				
120	INCOV035-BL	DPA1	DPA1*01:03:01	DPA1*02:01:01				DPA1*02:29
121	INCOV035-BL	DPB1	DPB1*04:01:01	DPB1*14:01:01		DPB1*350:01+DPB1*651:01		
122	INCOV035-BL	DQA1	DQA1*01:04:01	DQA1*01:05:01				
123	INCOV035-BL	DQB1	DQB1*05:01:01	DQB1*05:02:01				
124	INCOV035-BL	DRB1	DRB1*10:01:01	DRB1*14:216				DRB1*14:54:01
125	INCOV035-BL	DRB345	DRB3*02:02:01	DRB345*Not_Present				
126	INCOV036-BL	A	A*02:01:01	A*24:02:01				
127	INCOV036-BL	B	B*08:01:01	B*15:01:01				
128	INCOV036-BL	C	C*03:03:01	C*07:01:01				
129	INCOV036-BL	DPA1	DPA1*02:01:02	DPA1*02:02:02				
130	INCOV036-BL	DPB1	DPB1*01:01:01	DPB1*05:01:01				
131	INCOV036-BL	DQA1	DQA1*01:01:01	DQA1*05:01:01				
132	INCOV036-BL	DQB1	DQB1*02:01:01	DQB1*05:01:01				
133	INCOV036-BL	DRB1	DRB1*01:01:01	DRB1*03:01:01			DRB1*01:100	DRB1*03:147
134	INCOV036-BL	DRB345	DRB3*01:01:02	DRB345*Not_Present				
135	INCOV038-BL	A	A*23:01:01	A*68:01:02				
136	INCOV038-BL	B	B*40:02:01	B*44:03:01				
137	INCOV038-BL	C	C*03:05	C*04:01:01				
138	INCOV038-BL	DPA1	DPA1*01:03:01	DPA1*01:03:01				
139	INCOV038-BL	DPB1	DPB1*04:01:01	DPB1*04:02:01		DPB1*105:01:01+DPB1*126:01:01		
140	INCOV038-BL	DQA1	DQA1*04:01:01	DQA1*05:01:01				
141	INCOV038-BL	DQB1	DQB1*02:01:01	DQB1*04:02:01				
142	INCOV038-BL	DRB1	DRB1*03:01:01	DRB1*08:02:01			DRB1*03:147	
143	INCOV038-BL	DRB345	DRB3*02:02:01	DRB345*Not_Present				
144	INCOV039-BL	A	A*01:01:01	A*11:01:01				
145	INCOV039-BL	B	B*35:01:01	B*44:02:01		B*35:380:01+B*44:464:01		
146	INCOV039-BL	C	C*04:01:01	C*05:01:01				
147	INCOV039-BL	DPA1	DPA1*01:03:01	DPA1*01:03:01				
148	INCOV039-BL	DPB1	DPB1*02:01:02	DPB1*04:02:01		DPB1*105:01:01+DPB1*416:01:01		
149	INCOV039-BL	DQA1	DQA1*01:01:01	DQA1*01:03:01				
150	INCOV039-BL	DQB1	DQB1*05:01:01	DQB1*06:03:01				
151	INCOV039-BL	DRB1	DRB1*01:01:01	DRB1*13:01:01			DRB1*01:100	
152	INCOV039-BL	DRB345	DRB3*02:02:01	DRB345*Not_Present				
153	INCOV040-BL	A	A*02:01:01	A*03:01:01				
154	INCOV040-BL	B	B*35:01:01	B*44:02:01		B*35:380:01+B*44:464:01		
155	INCOV040-BL	C	C*04:01:01	C*05:01:01				
156	INCOV040-BL	DPA1	DPA1*01:03:01	DPA1*02:01:01				DPA1*02:29
157	INCOV040-BL	DPB1	DPB1*04:01:01	DPB1*14:01:01		DPB1*350:01+DPB1*651:01		
158	INCOV040-BL	DQA1	DQA1*01:01:01	DQA1*01:03:01				
159	INCOV040-BL	DQB1	DQB1*05:01:01	DQB1*06:03:01				
160	INCOV040-BL	DRB1	DRB1*01:01:01	DRB1*13:01:01			DRB1*01:100	
161	INCOV040-BL	DRB345	DRB3*01:01:02	DRB345*Not_Present				
162	INCOV041-BL	A	A*03:01:01	A*11:01:01		A*03:01:71+A*11:01:79		
163	INCOV041-BL	B	B*15:18:01	B*35:08:01				
164	INCOV041-BL	C	C*04:01:01	C*07:04:01				
165	INCOV041-BL	DPA1	DPA1*01:03:01	DPA1*01:03:01				
166	INCOV041-BL	DPB1	DPB1*04:01:01	DPB1*04:02:01		DPB1*105:01:01+DPB1*126:01:01		
167	INCOV041-BL	DQA1	DQA1*05:05:01	DQA1*05:05:01				
168	INCOV041-BL	DQB1	DQB1*03:01:01	DQB1*03:01:01		DQB1*03:01:01+DQB1*03:276N		
169	INCOV041-BL	DRB1	DRB1*11:01:01	DRB1*11:03:01				
170	INCOV041-BL	DRB345	DRB3*02:02:01	DRB3*02:02:01				
171	INCOV042-BL	A	A*02:01:01	A*29:02:01				
172	INCOV042-BL	B	B*07:02:01	B*44:03:01				
173	INCOV042-BL	C	C*07:02:01	C*16:01:01				
174	INCOV042-BL	DPA1	DPA1*01:03:01	DPA1*01:03:01				
175	INCOV042-BL	DPB1	DPB1*04:01:01	DPB1*04:01:01				
176	INCOV042-BL	DQA1	DQA1*01:01:01	DQA1*05:05:01				
177	INCOV042-BL	DQB1	DQB1*03:01:01	DQB1*05:01:01				
178	INCOV042-BL	DRB1	DRB1*01:01:01	DRB1*11:01:01			DRB1*01:100	
179	INCOV042-BL	DRB345	DRB3*02:02:01	DRB345*Not_Present				
180	INCOV043-BL	A	A*03:01:01	A*11:01:01		A*03:01:71+A*11:01:79		
181	INCOV043-BL	B	B*35:01:01	B*40:01:02		B*35:380:01+B*40:379		
182	INCOV043-BL	C	C*03:04:01	C*04:01:01				
183	INCOV043-BL	DPA1	DPA1*01:03:01	DPA1*02:01:01				DPA1*02:29
184	INCOV043-BL	DPB1	DPB1*04:02:01	DPB1*10:01:01				
185	INCOV043-BL	DQA1	DQA1*01:01:01	DQA1*01:02:01				
186	INCOV043-BL	DQB1	DQB1*05:01:01	DQB1*06:02:01				
187	INCOV043-BL	DRB1	DRB1*01:01:01	DRB1*15:01:01			DRB1*01:100	
188	INCOV043-BL	DRB345	DRB345*Not_Present	DRB5*01:01:01				
189	INCOV044-BL	A	A*03:01:01	A*11:01:01		A*03:01:71+A*11:01:79		
190	INCOV044-BL	B	B*07:02:01	B*44:02:01				
191	INCOV044-BL	C	C*07:02:01	C*07:04:01				
192	INCOV044-BL	DPA1	DPA1*01:03:01	DPA1*01:03:01				
193	INCOV044-BL	DPB1	DPB1*02:01:02	DPB1*02:01:02				
194	INCOV044-BL	DQA1	DQA1*01:02:01	DQA1*05:05:01				
195	INCOV044-BL	DQB1	DQB1*03:01:01	DQB1*06:02:01				
196	INCOV044-BL	DRB1	DRB1*11:01:01	DRB1*15:01:01				
197	INCOV044-BL	DRB345	DRB3*02:02:01	DRB5*01:01:01				
198	INCOV045-BL	A	A*01:01:01	A*24:02:01				
199	INCOV045-BL	B	B*08:01:01	B*55:01:01				
200	INCOV045-BL	C	C*03:03:01	C*07:01:01				
201	INCOV045-BL	DPA1	DPA1*01:03:01	DPA1*02:01:02				
202	INCOV045-BL	DPB1	DPB1*01:01:01	DPB1*04:01:01		DPB1*417:01:01+DPB1*849:01		DPB1*939:01
203	INCOV045-BL	DQA1	DQA1*01:02:01	DQA1*05:01:01				
204	INCOV045-BL	DQB1	DQB1*02:01:01	DQB1*06:02:01				
205	INCOV045-BL	DRB1	DRB1*03:01:01	DRB1*15:01:01			DRB1*03:147	
206	INCOV045-BL	DRB345	DRB3*01:01:02	DRB5*01:01:01				
207	INCOV047-BL	A	A*02:01:01	A*25:01:01				
208	INCOV047-BL	B	B*44:03:01	B*51:01:01		B*44:302+B*51:230:01		
209	INCOV047-BL	C	C*04:01:01	C*14:02:01				
210	INCOV047-BL	DPA1	DPA1*01:03:01	DPA1*01:03:01				
211	INCOV047-BL	DPB1	DPB1*02:01:02	DPB1*04:01:01				
212	INCOV047-BL	DQA1	DQA1*02:01:01	DQA1*04:01:01				
213	INCOV047-BL	DQB1	DQB1*02:02:01	DQB1*04:02:01				
214	INCOV047-BL	DRB1	DRB1*07:01:01	DRB1*08:01:01				
215	INCOV047-BL	DRB345	DRB345*Not_Present	DRB4*01:01:01				
216	INCOV048-BL	A	A*02:01:01	A*24:02:01				
217	INCOV048-BL	B	B*07:02:01	B*15:01:01		B*07:381+B*15:535		
218	INCOV048-BL	C	C*01:02:01	C*07:02:01				
219	INCOV048-BL	DPA1	DPA1*01:03:01	DPA1*01:03:01				
220	INCOV048-BL	DPB1	DPB1*04:01:01	DPB1*04:02:01		DPB1*105:01:01+DPB1*126:01:01		
221	INCOV048-BL	DQA1	DQA1*01:02:01	DQA1*03:02:01				
222	INCOV048-BL	DQB1	DQB1*03:03:02	DQB1*06:02:01				
223	INCOV048-BL	DRB1	DRB1*09:01:02	DRB1*15:01:01				
224	INCOV048-BL	DRB345	DRB4*01:03:02	DRB5*01:01:01				
225	INCOV049-BL	A	A*11:01:01	A*32:01:01		A*11:306+A*32:116		
226	INCOV049-BL	B	B*35:01:01	B*51:01:01				
227	INCOV049-BL	C	C*01:02:01	C*04:01:01				
228	INCOV049-BL	DPA1	DPA1*01:03:01	DPA1*01:03:01				
229	INCOV049-BL	DPB1	DPB1*04:01:01	DPB1*16:01:01		DPB1*350:01+DPB1*940:01		
230	INCOV049-BL	DQA1	DQA1*01:04:01	DQA1*05:05:01				
231	INCOV049-BL	DQB1	DQB1*03:01:01	DQB1*05:03:01				
232	INCOV049-BL	DRB1	DRB1*12:01:01	DRB1*14:216				DRB1*14:54:01
233	INCOV049-BL	DRB345	DRB3*02:02:01	DRB3*02:02:01				
234	INCOV050-BL	A	A*01:01:01	A*24:02:01				
235	INCOV050-BL	B	B*08:01:01	B*35:02:01				
236	INCOV050-BL	C	C*04:01:01	C*07:01:01				
237	INCOV050-BL	DPA1	DPA1*01:03:01	DPA1*01:03:01				
238	INCOV050-BL	DPB1	DPB1*04:01:01	DPB1*04:02:01		DPB1*105:01:01+DPB1*126:01:01		
239	INCOV050-BL	DQA1	DQA1*05:01:01	DQA1*05:05:01				
240	INCOV050-BL	DQB1	DQB1*02:01:01	DQB1*03:01:01				
241	INCOV050-BL	DRB1	DRB1*03:01:01	DRB1*11:04:01		DRB1*03:01:08+DRB1*11:04:20	DRB1*03:147	
242	INCOV050-BL	DRB345	DRB3*01:01:02	DRB3*02:02:01				
243	INCOV051-BL	A	A*24:25	A*68:02:01				
244	INCOV051-BL	B	B*15:10:01	B*48:01:01				
245	INCOV051-BL	C	C*03:04:02	C*08:01:01				
246	INCOV051-BL	DPA1	DPA1*01:03:01	DPA1*02:01:08				
247	INCOV051-BL	DPB1	DPB1*01:01:01	DPB1*04:01:01				
248	INCOV051-BL	DQA1	DQA1*01:05:01	DQA1*03:01:01:01				
249	INCOV051-BL	DQB1	DQB1*03:02:01	DQB1*05:01:01				
250	INCOV051-BL	DRB1	DRB1*04:04:01	DRB1*10:01:01				
251	INCOV051-BL	DRB345	DRB345*Not_Present	DRB4*01:03:01				
252	INCOV052-BL	A	A*02:01:01	A*03:01:01				
253	INCOV052-BL	B	B*07:02:01	B*15:01:01		B*07:381+B*15:535		
254	INCOV052-BL	C	C*04:01:01	C*07:02:01				
255	INCOV052-BL	DPA1	DPA1*01:03:01	DPA1*01:03:01				
256	INCOV052-BL	DPB1	DPB1*03:01:01	DPB1*04:01:01		DPB1*124:01:01,DPB1*124:01:02+DPB1*350:01		
257	INCOV052-BL	DQA1	DQA1*01:03:01	DQA1*04:01:01				
258	INCOV052-BL	DQB1	DQB1*04:02:01	DQB1*06:03:01				
259	INCOV052-BL	DRB1	DRB1*08:01:01	DRB1*13:01:01				
260	INCOV052-BL	DRB345	DRB3*01:01:02	DRB345*Not_Present				
261	INCOV053-BL	A	A*01:01:01	A*03:01:01				
262	INCOV053-BL	B	B*08:01:01	B*57:01:01				
263	INCOV053-BL	C	C*06:02:01	C*07:01:01				
264	INCOV053-BL	DPA1	DPA1*01:03:01	DPA1*02:01:04				
265	INCOV053-BL	DPB1	DPB1*02:01:02	DPB1*13:01:01				
266	INCOV053-BL	DQA1	DQA1*01:02:02	DQA1*05:01:01				
267	INCOV053-BL	DQB1	DQB1*02:01:01	DQB1*05:02:01				
268	INCOV053-BL	DRB1	DRB1*03:01:01	DRB1*16:01:01			DRB1*03:147	
269	INCOV053-BL	DRB345	DRB3*01:01:02	DRB5*02:02:01				
270	INCOV054-BL	A	A*03:01:01	A*31:01:02				
271	INCOV054-BL	B	B*07:02:01	B*15:01:01		B*07:381+B*15:535		
272	INCOV054-BL	C	C*03:03:01	C*07:02:01				
273	INCOV054-BL	DPA1	DPA1*01:03:01	DPA1*01:03:01				
274	INCOV054-BL	DPB1	DPB1*04:01:01	DPB1*16:01:01		DPB1*350:01+DPB1*940:01		
275	INCOV054-BL	DQA1	DQA1*01:02:01	DQA1*05:05:01				
276	INCOV054-BL	DQB1	DQB1*03:01:01	DQB1*06:02:01				
277	INCOV054-BL	DRB1	DRB1*11:01:01	DRB1*15:01:01				
278	INCOV054-BL	DRB345	DRB3*02:02:01	DRB5*01:01:01				
279	INCOV055-BL	A	A*03:01:01	A*32:01:01				
280	INCOV055-BL	B	B*07:02:01	B*40:02:01				
281	INCOV055-BL	C	C*02:02:02	C*07:02:01				
282	INCOV055-BL	DPA1	DPA1*01:03:01	DPA1*01:03:01				
283	INCOV055-BL	DPB1	DPB1*03:01:01	DPB1*04:01:01		DPB1*124:01:01,DPB1*124:01:02+DPB1*350:01		
284	INCOV055-BL	DQA1	DQA1*01:02:02	DQA1*01:02:02				
285	INCOV055-BL	DQB1	DQB1*05:02:01	DQB1*05:02:01				
286	INCOV055-BL	DRB1	DRB1*16:01:01	DRB1*16:02:01				
287	INCOV055-BL	DRB345	DRB5*02:02:01	DRB5*02:02:01				
288	INCOV056-BL	A	A*02:01:01	A*33:01:01		A*02:864:01+A*33:191		
289	INCOV056-BL	B	B*40:01:02	B*51:08:01				
290	INCOV056-BL	C	C*03:04:01	C*16:02:01				
291	INCOV056-BL	DPA1	DPA1*01:03:01	DPA1*02:01:01				DPA1*02:29
292	INCOV056-BL	DPB1	DPB1*03:01:01	DPB1*17:01:01				
293	INCOV056-BL	DQA1	DQA1*01:02:01	DQA1*02:01:01				
294	INCOV056-BL	DQB1	DQB1*02:02:01	DQB1*06:04:01				
295	INCOV056-BL	DRB1	DRB1*07:01:01	DRB1*13:02:01				
296	INCOV056-BL	DRB345	DRB3*03:01:01	DRB4*01:03:01				
297	INCOV057-BL	A	A*24:02:01	A*31:01:02				
298	INCOV057-BL	B	B*44:02:01	B*55:01:01				
299	INCOV057-BL	C	C*03:03:01	C*05:01:01				
300	INCOV057-BL	DPA1	DPA1*01:03:01	DPA1*01:03:01				
301	INCOV057-BL	DPB1	DPB1*02:01:02	DPB1*04:01:01				
302	INCOV057-BL	DQA1	DQA1*01:04:01	DQA1*02:01:01				
303	INCOV057-BL	DQB1	DQB1*02:02:01	DQB1*05:03:01				
304	INCOV057-BL	DRB1	DRB1*07:01:01	DRB1*14:216				DRB1*14:54:01
305	INCOV057-BL	DRB345	DRB3*02:02:01	DRB4*01:03:01				
306	INCOV058-BL	A	A*02:01:01	A*02:01:01				
307	INCOV058-BL	B	B*07:02:01	B*40:01:02				
308	INCOV058-BL	C	C*03:04:01	C*07:02:01				
309	INCOV058-BL	DPA1	DPA1*01:03:01	DPA1*01:03:01				
310	INCOV058-BL	DPB1	DPB1*04:01:01	DPB1*04:01:01				
311	INCOV058-BL	DQA1	DQA1*03:01:01:01	DQA1*03:03:01				
312	INCOV058-BL	DQB1	DQB1*03:01:01	DQB1*03:02:01				
313	INCOV058-BL	DRB1	DRB1*04:01:01	DRB1*04:04:01				
314	INCOV058-BL	DRB345	DRB4*01:03:01	DRB4*01:03:01				
315	INCOV059-BL	A	A*03:01:01	A*30:01:01				
316	INCOV059-BL	B	B*07:02:01	B*13:02:01				
317	INCOV059-BL	C	C*06:02:01	C*07:02:01				
318	INCOV059-BL	DPA1	DPA1*01:03:01	DPA1*02:01:01				DPA1*02:29
319	INCOV059-BL	DPB1	DPB1*04:01:01	DPB1*09:01:01		DPB1*350:01+DPB1*899:01		
320	INCOV059-BL	DQA1	DQA1*01:03:01	DQA1*02:01:01				
321	INCOV059-BL	DQB1	DQB1*02:02:01	DQB1*06:03:01				
322	INCOV059-BL	DRB1	DRB1*07:01:01	DRB1*13:01:01				
323	INCOV059-BL	DRB345	DRB3*01:01:02	DRB4*01:03:01				
0	INCOV060-BL	A	A*01:01:01	A*23:01:01				
1	INCOV060-BL	B	B*08:01:01	B*44:03:01				
2	INCOV060-BL	C	C*04:01:01	C*07:01:01				
3	INCOV060-BL	DPA1	DPA1*01:03:01	DPA1*01:03:01				
4	INCOV060-BL	DPB1	DPB1*04:01:01	DPB1*04:02:01		DPB1*105:01:01+DPB1*126:01:01		
5	INCOV060-BL	DQA1	DQA1*02:01:01	DQA1*05:01:01				
6	INCOV060-BL	DQB1	DQB1*02:01:01	DQB1*02:02:01				
7	INCOV060-BL	DRB1	DRB1*03:01:01	DRB1*07:01:01			DRB1*03:147	
8	INCOV060-BL	DRB345	DRB3*01:01:02	DRB4*01:01:01				
9	INCOV061-BL	A	A*02:01:01	A*24:02:01				
10	INCOV061-BL	B	B*27:05:02	B*39:06:02				
11	INCOV061-BL	C	C*02:02:02	C*07:02:01				
12	INCOV061-BL	DPA1	DPA1*01:03:01	DPA1*01:03:01				
13	INCOV061-BL	DPB1	DPB1*04:01:01	DPB1*04:01:01				
14	INCOV061-BL	DQA1	DQA1*01:01:01	DQA1*01:02:01				
15	INCOV061-BL	DQB1	DQB1*05:01:01	DQB1*06:02:01				
16	INCOV061-BL	DRB1	DRB1*01:01:01	DRB1*15:01:01			DRB1*01:100	
17	INCOV061-BL	DRB345	DRB345*Not_Present	DRB5*01:01:01				
18	INCOV062-BL	A	A*11:01:01	A*24:02:01				
19	INCOV062-BL	B	B*15:25:01	B*40:02:01				
20	INCOV062-BL	C	C*04:03:01	C*15:02:01				C*15:176
21	INCOV062-BL	DPA1	DPA1*02:02:02	DPA1*02:02:02				
22	INCOV062-BL	DPB1	DPB1*01:01:01	DPB1*135:01				
23	INCOV062-BL	DQA1	DQA1*01:02:02	DQA1*01:03:01				
24	INCOV062-BL	DQB1	DQB1*05:02:01	DQB1*05:03:01				
25	INCOV062-BL	DRB1	DRB1*04:05:01	DRB1*16:02:01				
26	INCOV062-BL	DRB345	DRB4*01:03:01	DRB5*01:01:01	DRB5*01:01:01 p40 A>G; p41 A>T			
27	INCOV063-BL	A	A*01:01:01	A*02:01:01				
28	INCOV063-BL	B	B*08:01:01	B*40:01:02				
29	INCOV063-BL	C	C*03:04:01	C*07:01:01				
30	INCOV063-BL	DPA1	DPA1*01:03:01	DPA1*01:03:01				
31	INCOV063-BL	DPB1	DPB1*02:01:02	DPB1*04:02:01		DPB1*105:01:01+DPB1*416:01:01		
32	INCOV063-BL	DQA1	DQA1*01:01:01	DQA1*05:01:01				
33	INCOV063-BL	DQB1	DQB1*02:01:01	DQB1*05:01:01				
34	INCOV063-BL	DRB1	DRB1*01:01:01	DRB1*03:01:01			DRB1*01:100	DRB1*03:147
35	INCOV063-BL	DRB345	DRB3*01:01:02	DRB345*Not_Present				
36	INCOV064-BL	A	A*26:01:01	A*30:02:01				
37	INCOV064-BL	B	B*15:01:01	B*73:01:01				
38	INCOV064-BL	C	C*03:03:01	C*15:05:01				
39	INCOV064-BL	DPA1	DPA1*01:03:01	DPA1*02:02:02				
40	INCOV064-BL	DPB1	DPB1*04:01:01	DPB1*05:01:01		DPB1*350:01+DPB1*744:01		
41	INCOV064-BL	DQA1	DQA1*01:01:02	DQA1*04:01:01				
42	INCOV064-BL	DQB1	DQB1*04:02:01	DQB1*05:01:01				
43	INCOV064-BL	DRB1	DRB1*01:02:01	DRB1*08:02:01				
44	INCOV064-BL	DRB345	DRB345*Not_Present	DRB345*Not_Present				
45	INCOV066-BL	A	A*01:01:01	A*02:01:01				
46	INCOV066-BL	B	B*13:02:01	B*37:01:01				
47	INCOV066-BL	C	C*06:02:01	C*06:02:01				
48	INCOV066-BL	DPA1	DPA1*01:03:01	DPA1*01:03:01				
49	INCOV066-BL	DPB1	DPB1*03:01:01	DPB1*04:02:01		DPB1*351:01+DPB1*463:01:01		
50	INCOV066-BL	DQA1	DQA1*01:02:01	DQA1*03:01:01:01				
51	INCOV066-BL	DQB1	DQB1*03:02:01	DQB1*06:02:01				
52	INCOV066-BL	DRB1	DRB1*04:04:01	DRB1*15:01:01				
53	INCOV066-BL	DRB345	DRB4*01:03:02	DRB5*01:01:01				
54	INCOV067-BL	A	A*03:01:01	A*23:01:01				
55	INCOV067-BL	B	B*07:02:01	B*44:03:01				
56	INCOV067-BL	C	C*04:01:01	C*07:02:01				
57	INCOV067-BL	DPA1	DPA1*01:03:01	DPA1*01:03:01				
58	INCOV067-BL	DPB1	DPB1*04:01:01	DPB1*04:02:01		DPB1*105:01:01+DPB1*126:01:01		
59	INCOV067-BL	DQA1	DQA1*01:02:01	DQA1*02:01:01				
60	INCOV067-BL	DQB1	DQB1*02:02:01	DQB1*06:02:01				
61	INCOV067-BL	DRB1	DRB1*07:01:01	DRB1*15:01:01				
62	INCOV067-BL	DRB345	DRB4*01:01:01	DRB5*01:01:01				
63	INCOV068-BL	A	A*02:01:01	A*26:01:01		A*02:01:170+A*26:01:43		
64	INCOV068-BL	B	B*27:05:02	B*27:14				
65	INCOV068-BL	C	C*01:02:01	C*01:02:01				
66	INCOV068-BL	DPA1	DPA1*01:03:01	DPA1*01:03:01				
67	INCOV068-BL	DPB1	DPB1*02:02:01	DPB1*04:01:01				
68	INCOV068-BL	DQA1	DQA1*01:01:01	DQA1*01:01:01				
69	INCOV068-BL	DQB1	DQB1*05:01:01	DQB1*05:01:01				
70	INCOV068-BL	DRB1	DRB1*01:01:01	DRB1*01:01:01			DRB1*01:100	DRB1*01:100
71	INCOV068-BL	DRB345	DRB345*Not_Present	DRB345*Not_Present				
72	INCOV069-BL	A	A*02:01:01	A*68:01:02		A*02:614+A*68:164		
73	INCOV069-BL	B	B*07:02:01	B*44:02:01				
74	INCOV069-BL	C	C*07:02:01	C*07:04:01				
75	INCOV069-BL	DPA1	DPA1*01:03:01	DPA1*02:06				
76	INCOV069-BL	DPB1	DPB1*04:01:01	DPB1*05:01:01		DPB1*350:01+DPB1*744:01		
77	INCOV069-BL	DQA1	DQA1*01:02:01	DQA1*01:03:01				
78	INCOV069-BL	DQB1	DQB1*06:02:01	DQB1*06:03:01				
79	INCOV069-BL	DRB1	DRB1*13:01:01	DRB1*15:01:01				
80	INCOV069-BL	DRB345	DRB3*02:02:01	DRB5*01:01:01				
81	INCOV070-BL	A	A*23:01:01	A*24:02:01		A*23:17:01+A*24:463		
82	INCOV070-BL	B	B*07:06:01	B*40:02:01				
83	INCOV070-BL	C	C*03:04:01	C*07:02:01				
84	INCOV070-BL	DPA1	DPA1*01:03:01	DPA1*01:03:01				
85	INCOV070-BL	DPB1	DPB1*02:01:02	DPB1*04:02:01		DPB1*105:01:01+DPB1*416:01:01		
86	INCOV070-BL	DQA1	DQA1*03:01:01:01	DQA1*03:03:01				
87	INCOV070-BL	DQB1	DQB1*03:02:01	DQB1*03:02:01				
88	INCOV070-BL	DRB1	DRB1*04:04:01	DRB1*04:05:01				
89	INCOV070-BL	DRB345	DRB4*01:03:01	DRB4*01:03:01				
90	INCOV071-BL	A	A*24:02:01	A*25:01:01				
91	INCOV071-BL	B	B*44:03:01	B*51:01:01		B*44:302+B*51:230:01		
92	INCOV071-BL	C	C*01:02:01	C*16:01:01				
93	INCOV071-BL	DPA1	DPA1*01:03:01	DPA1*01:03:01				
94	INCOV071-BL	DPB1	DPB1*03:01:01	DPB1*04:02:01		DPB1*351:01+DPB1*463:01:01		
95	INCOV071-BL	DQA1	DQA1*02:01:01	DQA1*04:02				
96	INCOV071-BL	DQB1	DQB1*02:02:01	DQB1*04:02:01				
97	INCOV071-BL	DRB1	DRB1*07:01:01	DRB1*08:01:01				
98	INCOV071-BL	DRB345	DRB345*Not_Present	DRB4*01:01:01				
99	INCOV072-BL	A	A*03:01:01	A*32:01:01				
100	INCOV072-BL	B	B*07:02:01	B*49:01:01				
101	INCOV072-BL	C	C*07:01:01	C*07:02:01				
102	INCOV072-BL	DPA1	DPA1*01:03:01	DPA1*01:03:01				
103	INCOV072-BL	DPB1	DPB1*04:01:01	DPB1*04:01:01				
104	INCOV072-BL	DQA1	DQA1*01:02:01	DQA1*05:05:01				
105	INCOV072-BL	DQB1	DQB1*03:19:01:01	DQB1*06:02:01				
106	INCOV072-BL	DRB1	DRB1*11:02:01	DRB1*15:01:01				
107	INCOV072-BL	DRB345	DRB3*02:02:01	DRB5*01:01:01				
108	INCOV073-BL	A	A*02:06:01	A*24:02:01				
109	INCOV073-BL	B	B*35:17:01	B*39:05:01				
110	INCOV073-BL	C	C*04:01:01	C*07:02:01				
111	INCOV073-BL	DPA1	DPA1*01:03:01	DPA1*01:03:01				
112	INCOV073-BL	DPB1	DPB1*04:02:01	DPB1*04:02:01				
113	INCOV073-BL	DQA1	DQA1*03:01:01:01	DQA1*04:01:01				
114	INCOV073-BL	DQB1	DQB1*03:02:01	DQB1*04:02:01				
115	INCOV073-BL	DRB1	DRB1*04:07:01	DRB1*08:02:01				
116	INCOV073-BL	DRB345	DRB345*Not_Present	DRB4*01:03:01				
117	INCOV074-BL	A	A*02:01:01	A*68:02:01				
118	INCOV074-BL	B	B*07:02:01	B*14:02:01		B*07:381+B*14:64		
119	INCOV074-BL	C	C*07:02:01	C*08:02:01				
120	INCOV074-BL	DPA1	DPA1*01:03:01	DPA1*01:03:01				
121	INCOV074-BL	DPB1	DPB1*04:02:01	DPB1*104:01:01				
122	INCOV074-BL	DQA1	DQA1*01:01:02	DQA1*03:03:01				
123	INCOV074-BL	DQB1	DQB1*03:02:01	DQB1*05:01:01				
124	INCOV074-BL	DRB1	DRB1*01:02:01	DRB1*04:05:01				
125	INCOV074-BL	DRB345	DRB345*Not_Present	DRB4*01:03:01				
126	INCOV075-BL	A	A*34:01:01	A*34:05				
127	INCOV075-BL	B	B*48:01:01	B*51:01:02				
128	INCOV075-BL	C	C*04:01:01	C*08:01:01				
129	INCOV075-BL	DPA1	DPA1*02:02:02	DPA1*02:02:02				
130	INCOV075-BL	DPB1	DPB1*01:01:01	DPB1*05:01:01				
131	INCOV075-BL	DQA1	DQA1*01:02:01	DQA1*03:03:01				
132	INCOV075-BL	DQB1	DQB1*04:02:01	DQB1*05:02:01				
133	INCOV075-BL	DRB1	DRB1*04:05:01	DRB1*15:02:01				
134	INCOV075-BL	DRB345	DRB4*01:03:01	DRB5*01:01:01				
135	INCOV076-BL	A	A*26:01:01	A*33:03:01				
136	INCOV076-BL	B	B*44:03:02	B*51:01:01				
137	INCOV076-BL	C	C*07:06:01	C*15:02:01				C*15:176
138	INCOV076-BL	DPA1	DPA1*01:03:01	DPA1*02:02:02				
139	INCOV076-BL	DPB1	DPB1*05:01:01	DPB1*104:01:01				
140	INCOV076-BL	DQA1	DQA1*01:03:01	DQA1*02:01:01				
141	INCOV076-BL	DQB1	DQB1*02:02:01	DQB1*06:01:01				
142	INCOV076-BL	DRB1	DRB1*07:01:01	DRB1*15:02:02				
143	INCOV076-BL	DRB345	DRB4*01:03:01	DRB5*01:02				
144	INCOV077-BL	A	A*02:01:01	A*29:02:01				
145	INCOV077-BL	B	B*40:01:02	B*44:03:01				
146	INCOV077-BL	C	C*03:04:01	C*16:01:01				
147	INCOV077-BL	DPA1	DPA1*01:03:01	DPA1*02:01:01				DPA1*02:29
148	INCOV077-BL	DPB1	DPB1*03:01:01	DPB1*11:01:01				
149	INCOV077-BL	DQA1	DQA1*01:03:01	DQA1*02:01:01				
150	INCOV077-BL	DQB1	DQB1*02:02:01	DQB1*06:03:01				
151	INCOV077-BL	DRB1	DRB1*07:01:01	DRB1*13:01:01				
152	INCOV077-BL	DRB345	DRB3*01:01:02	DRB4*01:01:01				
153	INCOV078-BL	A	A*01:01:01	A*68:01:01				
154	INCOV078-BL	B	B*27:05:02	B*81:01:01				
155	INCOV078-BL	C	C*01:02:01	C*18:01:01				
156	INCOV078-BL	DPA1	DPA1*01:03:01	DPA1*02:02:02				
157	INCOV078-BL	DPB1	DPB1*01:01:01	DPB1*02:01:02				
158	INCOV078-BL	DQA1	DQA1*01:01:01	DQA1*03:03:01				
159	INCOV078-BL	DQB1	DQB1*02:02:01	DQB1*05:01:01				
160	INCOV078-BL	DRB1	DRB1*01:01:01	DRB1*09:01:02			DRB1*01:100	
161	INCOV078-BL	DRB345	DRB345*Not_Present	DRB4*01:01:01				
162	INCOV079-BL	A	A*02:01:01	A*03:01:01				
163	INCOV079-BL	B	B*07:02:01	B*08:01:01				
164	INCOV079-BL	C	C*03:03:01	C*07:02:01				
165	INCOV079-BL	DPA1	DPA1*01:03:01	DPA1*01:03:01				
166	INCOV079-BL	DPB1	DPB1*03:01:01	DPB1*04:01:01		DPB1*124:01:01,DPB1*124:01:02+DPB1*350:01		
167	INCOV079-BL	DQA1	DQA1*01:02:01	DQA1*05:01:01				
168	INCOV079-BL	DQB1	DQB1*02:01:01	DQB1*06:02:01				
169	INCOV079-BL	DRB1	DRB1*03:01:01	DRB1*15:01:01			DRB1*03:147	
170	INCOV079-BL	DRB345	DRB3*01:01:02	DRB5*01:01:01				
171	INCOV080-BL	A	A*03:01:01	A*31:01:02				
172	INCOV080-BL	B	B*35:17:01	B*38:01:01				
173	INCOV080-BL	C	C*04:01:01	C*12:03:01				
174	INCOV080-BL	DPA1	DPA1*01:03:01	DPA1*01:03:01				
175	INCOV080-BL	DPB1	DPB1*03:01:01	DPB1*04:02:01		DPB1*351:01+DPB1*463:01:01		
176	INCOV080-BL	DQA1	DQA1*03:01:01:01	DQA1*05:01:01				
177	INCOV080-BL	DQB1	DQB1*02:01:01	DQB1*03:02:01				
178	INCOV080-BL	DRB1	DRB1*03:01:01	DRB1*14:02:01			DRB1*03:147	
179	INCOV080-BL	DRB345	DRB3*01:01:02	DRB3*02:02:01				
180	INCOV081-BL	A	A*02:01:01	A*24:02:01				
181	INCOV081-BL	B	B*44:02:01	B*52:01:02				
182	INCOV081-BL	C	C*03:03:01	C*05:01:01				
183	INCOV081-BL	DPA1	DPA1*01:03:01	DPA1*01:03:01				
184	INCOV081-BL	DPB1	DPB1*04:01:01	DPB1*04:02:01		DPB1*105:01:01+DPB1*126:01:01		
185	INCOV081-BL	DQA1	DQA1*02:01:01	DQA1*05:03:01				
186	INCOV081-BL	DQB1	DQB1*02:02:01	DQB1*03:01:01				
187	INCOV081-BL	DRB1	DRB1*07:01:01	DRB1*14:06:01				
188	INCOV081-BL	DRB345	DRB3*01:01:02	DRB4*01:03:02				
189	INCOV082-BL	A	A*02:01:01	A*68:01:02		A*02:614+A*68:164		
190	INCOV082-BL	B	B*08:01:01	B*40:01:02				
191	INCOV082-BL	C	C*03:04:01	C*07:01:01				
192	INCOV082-BL	DPA1	DPA1*01:03:01	DPA1*02:06				
193	INCOV082-BL	DPB1	DPB1*05:01:01	DPB1*16:01:01		DPB1*135:01+DPB1*652:01		
194	INCOV082-BL	DQA1	DQA1*03:01:01:01	DQA1*05:01:01				
195	INCOV082-BL	DQB1	DQB1*02:01:01	DQB1*03:02:01				
196	INCOV082-BL	DRB1	DRB1*03:01:01	DRB1*04:01:01			DRB1*03:147	
197	INCOV082-BL	DRB345	DRB3*01:01:02	DRB4*01:03:01				
198	INCOV083-BL	A	A*26:01:01	A*32:01:01				
199	INCOV083-BL	B	B*35:02:01	B*40:01:02				
200	INCOV083-BL	C	C*03:04:01	C*04:01:01				
201	INCOV083-BL	DPA1	DPA1*01:03:01	DPA1*01:03:01				
202	INCOV083-BL	DPB1	DPB1*02:01:02	DPB1*02:01:02				
203	INCOV083-BL	DQA1	DQA1*03:01:01:01	DQA1*05:05:01				
204	INCOV083-BL	DQB1	DQB1*03:01:01	DQB1*03:02:01				
205	INCOV083-BL	DRB1	DRB1*04:04:01	DRB1*11:04:01				
206	INCOV083-BL	DRB345	DRB3*02:02:01	DRB4*01:03:01				
207	INCOV084-BL	A	A*11:01:01	A*34:01:01				
208	INCOV084-BL	B	B*15:21:01	B*15:35				
209	INCOV084-BL	C	C*04:03:01	C*07:02:01				
210	INCOV084-BL	DPA1	DPA1*02:02:02	DPA1*02:02:02				
211	INCOV084-BL	DPB1	DPB1*05:01:01	DPB1*05:01:01				
212	INCOV084-BL	DQA1	DQA1*01:02:01	DQA1*01:02:01				
213	INCOV084-BL	DQB1	DQB1*05:02:01	DQB1*05:02:01				
214	INCOV084-BL	DRB1	DRB1*15:02:01	DRB1*15:02:01				
215	INCOV084-BL	DRB345	DRB5*01:01:01	DRB5*01:01:01				
216	INCOV086-BL	A	A*11:01:01	A*23:01:01				
217	INCOV086-BL	B	B*40:01:02	B*44:03:01				
218	INCOV086-BL	C	C*03:04:01	C*04:01:01				
219	INCOV086-BL	DPA1	DPA1*01:03:01	DPA1*01:03:01				
220	INCOV086-BL	DPB1	DPB1*04:01:01	DPB1*04:02:01		DPB1*105:01:01+DPB1*126:01:01		
221	INCOV086-BL	DQA1	DQA1*01:02:01	DQA1*02:01:01				
222	INCOV086-BL	DQB1	DQB1*02:02:01	DQB1*06:04:01				
223	INCOV086-BL	DRB1	DRB1*07:01:01	DRB1*13:02:01				
224	INCOV086-BL	DRB345	DRB3*03:01:01	DRB4*01:01:01				
225	INCOV087-BL	A	A*02:01:01	A*68:01:02		A*02:614+A*68:164		
226	INCOV087-BL	B	B*40:02:01	B*40:05:01				
227	INCOV087-BL	C	C*03:04:01	C*03:04:01				
228	INCOV087-BL	DPA1	DPA1*01:03:01	DPA1*01:03:01				
229	INCOV087-BL	DPB1	DPB1*04:02:01	DPB1*04:02:01				
230	INCOV087-BL	DQA1	DQA1*03:01:01:01	DQA1*03:01:01:01				
231	INCOV087-BL	DQB1	DQB1*03:02:01	DQB1*03:02:01				
232	INCOV087-BL	DRB1	DRB1*04:04:01	DRB1*04:07:01				
233	INCOV087-BL	DRB345	DRB4*01:03:01	DRB4*01:03:01				
0	INCOV001-CV	A	A*02:05:01	A*24:02:01				
1	INCOV001-CV	B	B*14:02:01	B*49:01:01				
2	INCOV001-CV	C	C*07:01:01	C*07:02:01				
3	INCOV001-CV	DPA1	DPA1*01:03:01	DPA1*02:01:07				
4	INCOV001-CV	DPB1	DPB1*04:01:01	DPB1*13:01:01		DPB1*133:01+DPB1*350:01		
5	INCOV001-CV	DQA1	DQA1*01:01:02	DQA1*01:02:01				
6	INCOV001-CV	DQB1	DQB1*05:01:01	DQB1*06:09:01				
7	INCOV001-CV	DRB1	DRB1*01:02:01	DRB1*13:02:01				
8	INCOV001-CV	DRB345	DRB3*03:01:01	DRB345*Not_Present				
9	INCOV037-BL	A	A*30:01:01	A*33:03:01				
10	INCOV037-BL	B	B*44:03:01	B*57:03:01				
11	INCOV037-BL	C	C*04:01:01	C*18:02:01				
12	INCOV037-BL	DPA1	DPA1*01:03:01	DPA1*01:03:01				
13	INCOV037-BL	DPB1	DPB1*18:01:01	DPB1*18:01:01				
14	INCOV037-BL	DQA1	DQA1*01:02:01	DQA1*01:02:01				
15	INCOV037-BL	DQB1	DQB1*05:01:01	DQB1*06:02:01				
16	INCOV037-BL	DRB1	DRB1*13:01:01	DRB1*15:03:01				
17	INCOV037-BL	DRB345	DRB3*03:01:01	DRB5*01:01:01				
18	INCOV085-BL	A	A*01:01:01	A*03:01:01				
19	INCOV085-BL	B	B*07:02:01	B*08:01:01				
20	INCOV085-BL	C	C*07:01:01	C*07:02:01				
21	INCOV085-BL	DPA1	DPA1*01:03:01	DPA1*01:03:01				
22	INCOV085-BL	DPB1	DPB1*04:01:01	DPB1*04:01:01				
23	INCOV085-BL	DQA1	DQA1*01:02:01	DQA1*05:01:01				
24	INCOV085-BL	DQB1	DQB1*02:01:01	DQB1*06:02:01				
25	INCOV085-BL	DRB1	DRB1*03:01:01	DRB1*15:01:01			DRB1*03:147	
26	INCOV085-BL	DRB345	DRB3*01:01:02	DRB5*01:01:01				
27	INCOV088-BL	A	A*02:01:01	A*02:01:01				
28	INCOV088-BL	B	B*44:02:01	B*44:02:01				
29	INCOV088-BL	C	C*05:01:01	C*05:01:01				
30	INCOV088-BL	DPA1	DPA1*01:03:01	DPA1*01:03:01				
31	INCOV088-BL	DPB1	DPB1*04:01:01	DPB1*04:01:01				
32	INCOV088-BL	DQA1	DQA1*01:01:01	DQA1*03:03:01				
33	INCOV088-BL	DQB1	DQB1*03:01:01	DQB1*05:01:01				
34	INCOV088-BL	DRB1	DRB1*01:01:01	DRB1*04:01:01			DRB1*01:100	
35	INCOV088-BL	DRB345	DRB345*Not_Present	DRB4*01:03:01				
36	INCOV090-BL	A	A*01:01:01	A*30:02:01				
37	INCOV090-BL	B	B*08:01:01	B*18:01:01				
38	INCOV090-BL	C	C*05:01:01	C*07:01:01				
39	INCOV090-BL	DPA1	DPA1*01:03:01	DPA1*02:02:02				
40	INCOV090-BL	DPB1	DPB1*04:01:01	DPB1*05:01:01		DPB1*350:01+DPB1*744:01		
41	INCOV090-BL	DQA1	DQA1*01:04:01	DQA1*05:01:01				
42	INCOV090-BL	DQB1	DQB1*02:01:01	DQB1*05:03:01				
43	INCOV090-BL	DRB1	DRB1*03:01:01	DRB1*14:54:01			DRB1*03:147	DRB1*14:216
44	INCOV090-BL	DRB345	DRB3*01:01:02	DRB3*02:02:01				
45	INCOV091-BL	A	A*02:06:01	A*29:01:01				
46	INCOV091-BL	B	B*07:05:01	B*15:25:01				
47	INCOV091-BL	C	C*04:03:01	C*15:05:02				
48	INCOV091-BL	DPA1	DPA1*01:03:01	DPA1*02:02:02				
49	INCOV091-BL	DPB1	DPB1*02:01:02	DPB1*05:01:01		DPB1*414:01:01+DPB1*744:01		
50	INCOV091-BL	DQA1	DQA1*01:01:01	DQA1*01:05:01				
51	INCOV091-BL	DQB1	DQB1*05:01:01	DQB1*05:02:01				
52	INCOV091-BL	DRB1	DRB1*10:01:01	DRB1*15:02:01				
53	INCOV091-BL	DRB345	DRB345*Not_Present	DRB5*01:03				
54	INCOV092-BL	A	A*02:01:01	A*11:01:01				
55	INCOV092-BL	B	B*44:02:01	B*51:01:01		B*44:270:01+B*51:271&B*44:464:01+B*51:230:01:01,B*51:230:01:02		
56	INCOV092-BL	C	C*05:01:01	C*16:02:01				
57	INCOV092-BL	DPA1	DPA1*01:03:01	DPA1*01:03:01				
58	INCOV092-BL	DPB1	DPB1*02:01:02	DPB1*02:01:02				
59	INCOV092-BL	DQA1	DQA1*01:02:01	DQA1*03:03:01				
60	INCOV092-BL	DQB1	DQB1*03:01:01	DQB1*06:04:01				
61	INCOV092-BL	DRB1	DRB1*04:01:01	DRB1*13:02:01				
62	INCOV092-BL	DRB345	DRB3*03:01:01	DRB4*01:03:01				
63	INCOV093-BL	A	A*01:01:01	A*03:01:01				
64	INCOV093-BL	B	B*07:02:01	B*08:01:01				
65	INCOV093-BL	C	C*07:01:01	C*07:02:01				
66	INCOV093-BL	DPA1	DPA1*01:03:01	DPA1*01:03:01				
67	INCOV093-BL	DPB1	DPB1*02:01:02	DPB1*04:01:01				
68	INCOV093-BL	DQA1	DQA1*01:02:01	DQA1*05:01:01				
69	INCOV093-BL	DQB1	DQB1*02:01:01	DQB1*06:02:01				
70	INCOV093-BL	DRB1	DRB1*03:01:01	DRB1*15:01:01			DRB1*03:147	
71	INCOV093-BL	DRB345	DRB3*01:01:02	DRB5*01:01:01				
72	INCOV094-BL	A	A*24:02:01	A*29:02:01				
73	INCOV094-BL	B	B*35:01:01	B*35:02:01				
74	INCOV094-BL	C	C*04:01:01	C*04:01:01				
75	INCOV094-BL	DPA1	DPA1*01:03:01	DPA1*01:03:01				
76	INCOV094-BL	DPB1	DPB1*04:02:01	DPB1*104:01:01				
77	INCOV094-BL	DQA1	DQA1*05:05:01	DQA1*05:05:01				
78	INCOV094-BL	DQB1	DQB1*03:01:01	DQB1*03:01:01		DQB1*03:01:01+DQB1*03:276N		
79	INCOV094-BL	DRB1	DRB1*01:03:01	DRB1*11:04:01				
80	INCOV094-BL	DRB345	DRB3*02:02:01	DRB345*Not_Present				
81	INCOV095-BL	A	A*02:01:01	A*11:01:01				
82	INCOV095-BL	B	B*15:18:01	B*35:03:01				
83	INCOV095-BL	C	C*04:01:01	C*07:04:01				
84	INCOV095-BL	DPA1	DPA1*01:03:01	DPA1*01:03:01				
85	INCOV095-BL	DPB1	DPB1*04:01:01	DPB1*04:01:01				
86	INCOV095-BL	DQA1	DQA1*01:01:01	DQA1*01:03:01				
87	INCOV095-BL	DQB1	DQB1*05:01:01	DQB1*06:03:01				
88	INCOV095-BL	DRB1	DRB1*01:01:01	DRB1*13:01:01			DRB1*01:100	
89	INCOV095-BL	DRB345	DRB3*02:02:01	DRB345*Not_Present				
90	INCOV096-BL	A	A*01:01:01	A*02:01:01				
91	INCOV096-BL	B	B*08:01:01	B*13:02:01				
92	INCOV096-BL	C	C*06:02:01	C*07:01:01				
93	INCOV096-BL	DPA1	DPA1*01:03:01	DPA1*02:02:02				
94	INCOV096-BL	DPB1	DPB1*04:01:01	DPB1*05:01:01		DPB1*350:01+DPB1*744:01		
95	INCOV096-BL	DQA1	DQA1*01:02:01	DQA1*05:01:01				
96	INCOV096-BL	DQB1	DQB1*02:01:01	DQB1*06:02:01				
97	INCOV096-BL	DRB1	DRB1*03:01:01	DRB1*15:01:01			DRB1*03:147	
98	INCOV096-BL	DRB345	DRB3*01:01:02	DRB5*01:01:01				
99	INCOV097-BL	A	A*11:01:01	A*33:03:01		A*11:306+A*33:163		
100	INCOV097-BL	B	B*40:01:02	B*58:01:01				
101	INCOV097-BL	C	C*03:02:02	C*03:04:01				
102	INCOV097-BL	DPA1	DPA1*02:01:01	DPA1*04:01:01			DPA1*02:29	
103	INCOV097-BL	DPB1	DPB1*107:01	DPB1*17:01:01				
104	INCOV097-BL	DQA1	DQA1*05:01:01	DQA1*05:08				
105	INCOV097-BL	DQB1	DQB1*02:01:01	DQB1*03:01:01				
106	INCOV097-BL	DRB1	DRB1*03:01:01	DRB1*12:01:01			DRB1*03:147	
107	INCOV097-BL	DRB345	DRB3*01:01:02	DRB3*02:02:01				
108	INCOV098-BL	A	A*02:01:01	A*33:01:01		A*02:864:01+A*33:191		
109	INCOV098-BL	B	B*07:02:01	B*52:01:02				
110	INCOV098-BL	C	C*03:03:01	C*07:02:01				
111	INCOV098-BL	DPA1	DPA1*01:03:01	DPA1*01:03:01				
112	INCOV098-BL	DPB1	DPB1*04:01:01	DPB1*04:01:01				
113	INCOV098-BL	DQA1	DQA1*01:02:01	DQA1*04:01:01				
114	INCOV098-BL	DQB1	DQB1*04:02:01	DQB1*06:02:01				
115	INCOV098-BL	DRB1	DRB1*08:02:01	DRB1*15:01:01				
116	INCOV098-BL	DRB345	DRB345*Not_Present	DRB5*01:01:01				
117	INCOV099-BL	A	A*02:01:01	A*11:01:01				
118	INCOV099-BL	B	B*08:01:01	B*39:01:01				
119	INCOV099-BL	C	C*07:01:01	C*12:03:01				
120	INCOV099-BL	DPA1	DPA1*01:03:01	DPA1*01:03:01				
121	INCOV099-BL	DPB1	DPB1*04:01:01	DPB1*04:01:01				
122	INCOV099-BL	DQA1	DQA1*01:02:01	DQA1*05:05:01				
123	INCOV099-BL	DQB1	DQB1*03:01:01	DQB1*06:02:01				
124	INCOV099-BL	DRB1	DRB1*11:01:01	DRB1*15:01:01				
125	INCOV099-BL	DRB345	DRB3*02:02:01	DRB5*01:01:01				
126	INCOV100-BL	A	A*02:06:01	A*34:01:01				
127	INCOV100-BL	B	B*15:35	B*51:01:02				
128	INCOV100-BL	C	C*04:01:01	C*08:01:01				
129	INCOV100-BL	DPA1	DPA1*02:02:02	DPA1*02:02:02				
130	INCOV100-BL	DPB1	DPB1*01:01:01	DPB1*135:01				
131	INCOV100-BL	DQA1	DQA1*01:03:01	DQA1*03:03:01				
132	INCOV100-BL	DQB1	DQB1*04:01:01	DQB1*06:01:01				
133	INCOV100-BL	DRB1	DRB1*04:05:01	DRB1*08:03:02				
134	INCOV100-BL	DRB345	DRB345*Not_Present	DRB4*01:03:01				
135	INCOV101-BL	A	A*30:01:01	A*33:03:01				
136	INCOV101-BL	B	B*42:01:01	B*58:02:01				
137	INCOV101-BL	C	C*06:02:01	C*17:01:01				
138	INCOV101-BL	DPA1	DPA1*01:03:01	DPA1*02:02:02				
139	INCOV101-BL	DPB1	DPB1*01:01:01	DPB1*02:01:02		DPB1*1055:01+DPB1*417:01:01&DPB1*162:01:02+DPB1*461:01		DPB1*02:01:19
140	INCOV101-BL	DQA1	DQA1*04:01:01	DQA1*05:05:01				
141	INCOV101-BL	DQB1	DQB1*03:01:04	DQB1*04:02:01				
142	INCOV101-BL	DRB1	DRB1*03:02:01	DRB1*08:04:01				
143	INCOV101-BL	DRB345	DRB3*01:62:01	DRB345*Not_Present				
144	INCOV102-BL	A	A*01:01:01	A*24:02:01				
145	INCOV102-BL	B	B*07:02:01	B*08:01:01				
146	INCOV102-BL	C	C*07:01:01	C*07:02:01				
147	INCOV102-BL	DPA1	DPA1*01:03:01	DPA1*01:03:01				
148	INCOV102-BL	DPB1	DPB1*02:01:02	DPB1*04:01:01				
149	INCOV102-BL	DQA1	DQA1*01:02:01	DQA1*05:01:01				
150	INCOV102-BL	DQB1	DQB1*02:01:01	DQB1*06:02:01				
151	INCOV102-BL	DRB1	DRB1*03:01:01	DRB1*15:01:01			DRB1*03:147	
152	INCOV102-BL	DRB345	DRB3*01:01:02	DRB5*01:01:01				
153	INCOV103-BL	A	A*01:01:01	A*02:01:01				
154	INCOV103-BL	B	B*15:01:01	B*55:01:01				
155	INCOV103-BL	C	C*03:03:01	C*04:01:01				
156	INCOV103-BL	DPA1	DPA1*01:03:01	DPA1*02:01:01				DPA1*02:29
157	INCOV103-BL	DPB1	DPB1*04:01:01	DPB1*14:01:01		DPB1*350:01+DPB1*651:01		
158	INCOV103-BL	DQA1	DQA1*01:01:01	DQA1*01:04:01				
159	INCOV103-BL	DQB1	DQB1*05:01:01	DQB1*05:03:01				
160	INCOV103-BL	DRB1	DRB1*01:01:01	DRB1*14:54:01			DRB1*01:100	DRB1*14:216
161	INCOV103-BL	DRB345	DRB3*02:02:01	DRB345*Not_Present				
162	INCOV104-BL	A	A*23:01:01	A*33:03:01				
163	INCOV104-BL	B	B*35:01:01	B*50:01:01				
164	INCOV104-BL	C	C*04:01:01	C*06:02:01				
165	INCOV104-BL	DPA1	DPA1*01:03:01	DPA1*01:03:01				
166	INCOV104-BL	DPB1	DPB1*02:01:02	DPB1*04:01:01				
167	INCOV104-BL	DQA1	DQA1*02:01:01	DQA1*05:01:01				
168	INCOV104-BL	DQB1	DQB1*02:01:01	DQB1*02:02:01				
169	INCOV104-BL	DRB1	DRB1*03:01:01	DRB1*07:01:01			DRB1*03:147	
170	INCOV104-BL	DRB345	DRB3*02:02:01	DRB4*01:03:01				
171	INCOV105-BL	A	A*02:06:01	A*11:01:01				
172	INCOV105-BL	B	B*39:01:01	B*39:08				
173	INCOV105-BL	C	C*07:02:01	C*07:02:01				
174	INCOV105-BL	DPA1	DPA1*01:03:01	DPA1*01:03:01				
175	INCOV105-BL	DPB1	DPB1*04:01:01	DPB1*04:02:01		DPB1*105:01:01+DPB1*126:01:01		
176	INCOV105-BL	DQA1	DQA1*01:02:01	DQA1*03:01:01				
177	INCOV105-BL	DQB1	DQB1*03:02:01	DQB1*06:02:01				
178	INCOV105-BL	DRB1	DRB1*04:07:01	DRB1*15:01:01				
179	INCOV105-BL	DRB345	DRB4*01:03:01	DRB5*01:01:01				
180	INCOV106-BL	A	A*24:07:01	A*34:01:01				
181	INCOV106-BL	B	B*51:01:02	B*58:01:01				
182	INCOV106-BL	C	C*03:02:02	C*04:01:01				
183	INCOV106-BL	DPA1	DPA1*01:03:01	DPA1*02:02:02				
184	INCOV106-BL	DPB1	DPB1*01:01:01	DPB1*04:01:01				
185	INCOV106-BL	DQA1	DQA1*03:03:01	DQA1*05:01:01				
186	INCOV106-BL	DQB1	DQB1*02:01:01	DQB1*04:01:01				
187	INCOV106-BL	DRB1	DRB1*03:01:01	DRB1*04:05:01			DRB1*03:147	
188	INCOV106-BL	DRB345	DRB3*02:02:01	DRB4*01:03:01				
189	INCOV107-BL	A	A*24:02:01	A*32:01:01				
190	INCOV107-BL	B	B*07:02:01	B*40:01:02				
191	INCOV107-BL	C	C*03:04:01	C*07:02:01				
192	INCOV107-BL	DPA1	DPA1*01:03:01	DPA1*01:03:01				
193	INCOV107-BL	DPB1	DPB1*04:01:01	DPB1*696:01N				
194	INCOV107-BL	DQA1	DQA1*03:03:01	DQA1*03:03:01				
195	INCOV107-BL	DQB1	DQB1*03:01:01	DQB1*03:01:01		DQB1*03:01:01+DQB1*03:276N		
196	INCOV107-BL	DRB1	DRB1*04:01:01	DRB1*04:01:01				
197	INCOV107-BL	DRB345	DRB4*01:03:01	DRB4*01:03:01				
198	INCOV108-BL	A	A*02:01:01	A*23:01:01				
199	INCOV108-BL	B	B*49:01:01	B*51:01:01				
200	INCOV108-BL	C	C*07:01:01	C*15:02:01				C*15:176
201	INCOV108-BL	DPA1	DPA1*01:03:01	DPA1*02:01:02				
202	INCOV108-BL	DPB1	DPB1*01:01:01	DPB1*04:01:01				
203	INCOV108-BL	DQA1	DQA1*05:01:01	DQA1*05:01:01				
204	INCOV108-BL	DQB1	DQB1*02:01:01	DQB1*02:01:01				
205	INCOV108-BL	DRB1	DRB1*03:01:01	DRB1*03:01:01			DRB1*03:147	DRB1*03:147
206	INCOV108-BL	DRB345	DRB3*01:01:02	DRB3*02:02:01				
207	INCOV109-BL	A	A*11:01:01	A*11:01:01				
208	INCOV109-BL	B	B*35:01:01	B*35:01:01				
209	INCOV109-BL	C	C*04:01:01	C*04:01:01				
210	INCOV109-BL	DPA1	DPA1*01:03:01	DPA1*02:01:01				DPA1*02:29
211	INCOV109-BL	DPB1	DPB1*04:01:01	DPB1*10:01:01		DPB1*350:01+DPB1*902:01		
212	INCOV109-BL	DQA1	DQA1*01:01:01	DQA1*02:01:01				
213	INCOV109-BL	DQB1	DQB1*02:02:01	DQB1*05:01:01				
214	INCOV109-BL	DRB1	DRB1*01:01:01	DRB1*07:01:01			DRB1*01:100	
215	INCOV109-BL	DRB345	DRB345*Not_Present	DRB4*01:01:01				
216	INCOV110-BL	A	A*24:02:01	A*33:03:01				
217	INCOV110-BL	B	B*40:01:02	B*58:01:01				
218	INCOV110-BL	C	C*03:02:02	C*12:02:02				
219	INCOV110-BL	DPA1	DPA1*02:02:02	DPA1*04:01:01				
220	INCOV110-BL	DPB1	DPB1*01:01:01	DPB1*107:01				
221	INCOV110-BL	DQA1	DQA1*03:03:01	DQA1*05:01:01				
222	INCOV110-BL	DQB1	DQB1*02:01:01	DQB1*04:02:01				
223	INCOV110-BL	DRB1	DRB1*03:01:01	DRB1*04:05:01			DRB1*03:147	
224	INCOV110-BL	DRB345	DRB3*02:02:01	DRB4*01:03:01				
225	INCOV111-BL	A	A*24:02:01	A*34:01:01				
226	INCOV111-BL	B	B*40:02:01	B*56:02:01				
227	INCOV111-BL	C	C*01:02:01	C*15:02:01				C*15:176
228	INCOV111-BL	DPA1	DPA1*02:02:02	DPA1*02:02:02				
229	INCOV111-BL	DPB1	DPB1*05:01:01	DPB1*135:01				
230	INCOV111-BL	DQA1	DQA1*01:02:01	DQA1*01:03:01				
231	INCOV111-BL	DQB1	DQB1*06:01:01	DQB1*06:01:05				
232	INCOV111-BL	DRB1	DRB1*08:03:02	DRB1*15:02:01				
233	INCOV111-BL	DRB345	DRB345*Not_Present	DRB5*01:01:01				
234	INCOV112-BL	A	A*03:01:01	A*23:17:01				
235	INCOV112-BL	B	B*15:10:01	B*35:01:01				
236	INCOV112-BL	C	C*04:01:01	C*08:04:01				
237	INCOV112-BL	DPA1	DPA1*01:03:01	DPA1*02:01:01				DPA1*02:29
238	INCOV112-BL	DPB1	DPB1*02:01:02	DPB1*13:01:01				
239	INCOV112-BL	DQA1	DQA1*01:02:01	DQA1*01:02:02				
240	INCOV112-BL	DQB1	DQB1*05:02:01	DQB1*06:02:01				
241	INCOV112-BL	DRB1	DRB1*11:04:02	DRB1*15:03:01				
242	INCOV112-BL	DRB345	DRB3*02:02:01	DRB5*01:01:01				
243	INCOV113-BL	A	A*02:01:01	A*11:01:01				
244	INCOV113-BL	B	B*35:01:01	B*40:01:02		B*35:380:01+B*40:379		
245	INCOV113-BL	C	C*03:04:01	C*04:01:01				
246	INCOV113-BL	DPA1	DPA1*01:03:01	DPA1*01:03:01				
247	INCOV113-BL	DPB1	DPB1*04:01:01	DPB1*06:01:01		DPB1*350:01+DPB1*914:01		
248	INCOV113-BL	DQA1	DQA1*01:02:01	DQA1*03:01:01				
249	INCOV113-BL	DQB1	DQB1*03:02:01	DQB1*06:02:01				
250	INCOV113-BL	DRB1	DRB1*04:04:01	DRB1*15:01:01				
251	INCOV113-BL	DRB345	DRB4*01:03:01	DRB5*01:01:01				
252	INCOV114-BL	A	A*02:01:01	A*02:01:01				
253	INCOV114-BL	B	B*08:01:01	B*51:01:01				
254	INCOV114-BL	C	C*02:02:02	C*07:01:01				
255	INCOV114-BL	DPA1	DPA1*01:03:01	DPA1*01:03:01				
256	INCOV114-BL	DPB1	DPB1*03:01:01	DPB1*04:02:01		DPB1*351:01+DPB1*463:01:01		
257	INCOV114-BL	DQA1	DQA1*05:01:01	DQA1*05:05:01				
258	INCOV114-BL	DQB1	DQB1*02:01:01	DQB1*03:01:01				
259	INCOV114-BL	DRB1	DRB1*03:01:01	DRB1*11:04:01		DRB1*03:01:08+DRB1*11:04:20	DRB1*03:147	
260	INCOV114-BL	DRB345	DRB3*01:01:02	DRB3*02:02:01				
261	INCOV115-BL	A	A*02:01:01	A*32:01:01				
262	INCOV115-BL	B	B*44:02:01	B*44:03:01				
263	INCOV115-BL	C	C*05:01:01	C*16:01:01				
264	INCOV115-BL	DPA1	DPA1*01:03:01	DPA1*01:03:01				
265	INCOV115-BL	DPB1	DPB1*03:01:01	DPB1*04:01:01		DPB1*124:01:01,DPB1*124:01:02+DPB1*350:01		
266	INCOV115-BL	DQA1	DQA1*01:02:01	DQA1*02:01:01				
267	INCOV115-BL	DQB1	DQB1*02:02:01	DQB1*06:04:01				
268	INCOV115-BL	DRB1	DRB1*07:01:01	DRB1*13:02:01				
269	INCOV115-BL	DRB345	DRB3*03:01:01	DRB4*01:01:01				
270	INCOV116-BL	A	A*02:01:01	A*74:01:01				
271	INCOV116-BL	B	B*18:01:01	B*58:01:01				
272	INCOV116-BL	C	C*02:02:02	C*03:02:02				
273	INCOV116-BL	DPA1	DPA1*01:03:01	DPA1*02:01:01				DPA1*02:29
274	INCOV116-BL	DPB1	DPB1*17:01:01	DPB1*18:01:01				
275	INCOV116-BL	DQA1	DQA1*01:02:01	DQA1*02:01:01				
276	INCOV116-BL	DQB1	DQB1*02:02:01	DQB1*06:09:01				
277	INCOV116-BL	DRB1	DRB1*07:01:01	DRB1*13:02:01				
278	INCOV116-BL	DRB345	DRB3*03:01:01	DRB4*01:01:01				
279	INCOV117-BL	A	A*02:01:01	A*68:01:01				
280	INCOV117-BL	B	B*51:08:01	B*58:02:01				
281	INCOV117-BL	C	C*06:02:01	C*16:02:01				
282	INCOV117-BL	DPA1	DPA1*01:03:01	DPA1*01:03:01				
283	INCOV117-BL	DPB1	DPB1*02:01:02	DPB1*02:01:02				
284	INCOV117-BL	DQA1	DQA1*01:02:01	DQA1*01:05:01				
285	INCOV117-BL	DQB1	DQB1*05:01:01	DQB1*06:04:01				
286	INCOV117-BL	DRB1	DRB1*12:01:01	DRB1*13:02:01				
287	INCOV117-BL	DRB345	DRB3*02:02:01	DRB3*03:01:01				
288	INCOV118-BL	A	A*23:01:01	A*32:01:01				
289	INCOV118-BL	B	B*50:01:01	B*51:01:01				
290	INCOV118-BL	C	C*02:02:02	C*06:02:01				
291	INCOV118-BL	DPA1	DPA1*01:03:01	DPA1*02:01:01				DPA1*02:29
292	INCOV118-BL	DPB1	DPB1*04:01:01	DPB1*11:01:01				
293	INCOV118-BL	DQA1	DQA1*01:02:01	DQA1*02:01:01				
294	INCOV118-BL	DQB1	DQB1*02:02:01	DQB1*05:02:01				
295	INCOV118-BL	DRB1	DRB1*07:01:01	DRB1*15:01:01				
296	INCOV118-BL	DRB345	DRB4*01:03:01	DRB5*01:01:01				
297	INCOV120-BL	A	A*02:01:01	A*26:01:01		A*02:01:170+A*26:01:43		
298	INCOV120-BL	B	B*18:01:01	B*35:01:01				
299	INCOV120-BL	C	C*04:01:01	C*07:01:01				
300	INCOV120-BL	DPA1	DPA1*01:03:01	DPA1*01:03:01				
301	INCOV120-BL	DPB1	DPB1*02:01:02	DPB1*04:01:01				
302	INCOV120-BL	DQA1	DQA1*01:01:01	DQA1*01:04:01				
303	INCOV120-BL	DQB1	DQB1*05:01:01	DQB1*05:03:01				
304	INCOV120-BL	DRB1	DRB1*01:01:01	DRB1*14:54:01			DRB1*01:100	DRB1*14:216
305	INCOV120-BL	DRB345	DRB3*02:02:01	DRB345*Not_Present				
306	INCOV121-BL	A	A*02:01:01	A*68:01:02		A*02:614+A*68:164		
307	INCOV121-BL	B	B*18:01:01	B*40:01:02		B*18:177+B*40:379		
308	INCOV121-BL	C	C*03:04:01	C*05:01:01				
309	INCOV121-BL	DPA1	DPA1*01:03:01	DPA1*01:03:01				
310	INCOV121-BL	DPB1	DPB1*03:01:01	DPB1*04:01:01		DPB1*124:01:01,DPB1*124:01:02+DPB1*350:01		
311	INCOV121-BL	DQA1	DQA1*01:02:01	DQA1*05:01:01				
312	INCOV121-BL	DQB1	DQB1*02:01:01	DQB1*06:04:01				
313	INCOV121-BL	DRB1	DRB1*03:01:01	DRB1*13:02:01			DRB1*03:147	
314	INCOV121-BL	DRB345	DRB3*02:02:01	DRB3*03:01:01				
315	INCOV122-BL	A	A*02:01:01	A*24:07:01				
316	INCOV122-BL	B	B*13:01:01	B*35:05:01				
317	INCOV122-BL	C	C*03:04:01	C*04:01:01				
318	INCOV122-BL	DPA1	DPA1*02:02:02	DPA1*02:02:02				
319	INCOV122-BL	DPB1	DPB1*01:01:01	DPB1*05:01:01				
320	INCOV122-BL	DQA1	DQA1*01:03:01	DQA1*06:01:01				
321	INCOV122-BL	DQB1	DQB1*03:01:01	DQB1*06:01:01				
322	INCOV122-BL	DRB1	DRB1*08:03:02	DRB1*12:02:01				
323	INCOV122-BL	DRB345	DRB3*03:01:03	DRB345*Not_Present				
324	INCOV123-BL	A	A*02:01:01	A*11:01:01				
325	INCOV123-BL	B	B*07:02:01	B*07:02:01				
326	INCOV123-BL	C	C*07:02:01	C*07:02:01				
327	INCOV123-BL	DPA1	DPA1*01:03:01	DPA1*01:03:01				
328	INCOV123-BL	DPB1	DPB1*02:01:02	DPB1*04:01:01				
329	INCOV123-BL	DQA1	DQA1*01:02:01	DQA1*01:02:01				
330	INCOV123-BL	DQB1	DQB1*06:02:01	DQB1*06:02:01				
331	INCOV123-BL	DRB1	DRB1*15:01:01	DRB1*15:01:01				
332	INCOV123-BL	DRB345	DRB5*01:01:01	DRB5*01:01:01				
333	INCOV124-BL	A	A*02:07:01	A*24:33				
334	INCOV124-BL	B	B*13:01:01	B*46:01:01				
335	INCOV124-BL	C	C*01:02:01	C*04:06:01				
336	INCOV124-BL	DPA1	DPA1*02:02:02	DPA1*02:07:01				
337	INCOV124-BL	DPB1	DPB1*02:02:01	DPB1*135:01				
338	INCOV124-BL	DQA1	DQA1*01:01:01	DQA1*03:02:01				
339	INCOV124-BL	DQB1	DQB1*03:03:02	DQB1*05:01:24				
340	INCOV124-BL	DRB1	DRB1*09:01:02	DRB1*15:02:01				
341	INCOV124-BL	DRB345	DRB4*01:03:01	DRB5*01:08:01N				
342	INCOV125-BL	A	A*02:07:01	A*11:01:01				
343	INCOV125-BL	B	B*40:01:02	B*46:01:01				
344	INCOV125-BL	C	C*01:02:01	C*04:03:01				
345	INCOV125-BL	DPA1	DPA1*01:03:01	DPA1*02:01:01				DPA1*02:29
346	INCOV125-BL	DPB1	DPB1*02:01:02	DPB1*14:01:01				
347	INCOV125-BL	DQA1	DQA1*03:02:01	DQA1*06:01:01				
348	INCOV125-BL	DQB1	DQB1*03:01:01	DQB1*03:03:02				
349	INCOV125-BL	DRB1	DRB1*09:01:02	DRB1*12:02:01				
350	INCOV125-BL	DRB345	DRB3*03:01:03	DRB4*01:03:01				
351	INCOV127-BL	A	A*01:01:01	A*11:01:01				
352	INCOV127-BL	B	B*14:02:01	B*52:01:01				
353	INCOV127-BL	C	C*08:02:01	C*12:02:02				
354	INCOV127-BL	DPA1	DPA1*01:03:01	DPA1*01:03:01				
355	INCOV127-BL	DPB1	DPB1*02:01:02	DPB1*02:01:02				
356	INCOV127-BL	DQA1	DQA1*01:01:02	DQA1*01:03:01				
357	INCOV127-BL	DQB1	DQB1*05:01:01	DQB1*06:01:01				
358	INCOV127-BL	DRB1	DRB1*01:02:01	DRB1*15:02:01				
359	INCOV127-BL	DRB345	DRB345*Not_Present	DRB5*01:02				
360	INCOV128-BL	A	A*02:01:01	A*24:02:01				
361	INCOV128-BL	B	B*14:02:01	B*44:02:01		B*14:64+B*44:464:01		
362	INCOV128-BL	C	C*05:01:01	C*08:02:01				
363	INCOV128-BL	DPA1	DPA1*01:03:01	DPA1*02:01:01				DPA1*02:29
364	INCOV128-BL	DPB1	DPB1*04:01:01	DPB1*11:01:01				
365	INCOV128-BL	DQA1	DQA1*01:01:01	DQA1*01:01:02				
366	INCOV128-BL	DQB1	DQB1*05:01:01	DQB1*06:02:01				
367	INCOV128-BL	DRB1	DRB1*01:01:01	DRB1*01:02:01			DRB1*01:100	
368	INCOV128-BL	DRB345	DRB345*Not_Present	DRB345*Not_Present				
369	INCOV130-BL	A	A*01:01:01	A*68:02:01				
370	INCOV130-BL	B	B*14:02:01	B*37:01:01				
371	INCOV130-BL	C	C*06:02:01	C*08:02:01				
372	INCOV130-BL	DPA1	DPA1*01:03:01	DPA1*02:01:01				DPA1*02:29
373	INCOV130-BL	DPB1	DPB1*02:01:02	DPB1*10:01:01				
374	INCOV130-BL	DQA1	DQA1*01:01:01	DQA1*05:05:01				
375	INCOV130-BL	DQB1	DQB1*03:01:01	DQB1*05:01:01				
376	INCOV130-BL	DRB1	DRB1*01:01:01	DRB1*13:03:01			DRB1*01:100	
377	INCOV130-BL	DRB345	DRB3*01:01:02	DRB345*Not_Present				
0	INCOV119-BL	A	A*26:01:01	A*66:01:01				
1	INCOV119-BL	B	B*45:01:01	B*56:01:01				B*56:01:01:05S
2	INCOV119-BL	C	C*01:02:01	C*16:01:01				
3	INCOV119-BL	DPA1	DPA1*02:01:08	DPA1*03:01:01				DPA1*03:05Q
4	INCOV119-BL	DPB1	DPB1*01:01:01	DPB1*105:01:01				
5	INCOV119-BL	DQA1	DQA1*01:01:02	DQA1*05:05:01				
6	INCOV119-BL	DQB1	DQB1*03:01:01	DQB1*05:01:01				
7	INCOV119-BL	DRB1	DRB1*01:02:01	DRB1*12:01:01				
8	INCOV119-BL	DRB345	DRB3*02:02:01	DRB345*Not_Present				
9	INCOV126-BL	A	A*02:01:01	A*11:01:01				
10	INCOV126-BL	B	B*44:02:01	B*55:01:01				
11	INCOV126-BL	C	C*03:03:01	C*05:01:01				
12	INCOV126-BL	DPA1	DPA1*01:03:01	DPA1*02:01:01				DPA1*02:29
13	INCOV126-BL	DPB1	DPB1*04:01:01	DPB1*17:01:01				
14	INCOV126-BL	DQA1	DQA1*01:02:01	DQA1*01:04:01				
15	INCOV126-BL	DQB1	DQB1*05:03:01	DQB1*06:02:01				
16	INCOV126-BL	DRB1	DRB1*14:54:01	DRB1*15:01:01			DRB1*14:216	
17	INCOV126-BL	DRB345	DRB3*02:02:01	DRB5*01:01:01				
18	INCOV129-BL	A	A*02:01:01	A*02:01:01				
19	INCOV129-BL	B	B*44:02:01	B*44:02:01				
20	INCOV129-BL	C	C*05:01:01	C*05:01:01				
21	INCOV129-BL	DPA1	DPA1*01:03:01	DPA1*01:03:01				
22	INCOV129-BL	DPB1	DPB1*03:01:01	DPB1*04:01:01		DPB1*124:01:01,DPB1*124:01:02+DPB1*350:01		
23	INCOV129-BL	DQA1	DQA1*01:02:01	DQA1*03:03:01				
24	INCOV129-BL	DQB1	DQB1*03:01:01	DQB1*06:02:01				
25	INCOV129-BL	DRB1	DRB1*04:01:01	DRB1*15:01:01				
26	INCOV129-BL	DRB345	DRB4*01:03:01	DRB5*01:01:01				
27	INCOV131-BL	A	A*02:01:01	A*29:02:01				
28	INCOV131-BL	B	B*51:01:01	B*57:01:01				
29	INCOV131-BL	C	C*01:02:01	C*06:02:01				
30	INCOV131-BL	DPA1	DPA1*01:03:01	DPA1*01:03:01				
31	INCOV131-BL	DPB1	DPB1*04:01:01	DPB1*04:01:01				
32	INCOV131-BL	DQA1	DQA1*01:02:01	DQA1*02:01:01				
33	INCOV131-BL	DQB1	DQB1*03:03:02	DQB1*06:02:01				
34	INCOV131-BL	DRB1	DRB1*07:01:01	DRB1*15:01:01				
35	INCOV131-BL	DRB345	DRB4*01:03:01:02N	DRB5*01:01:01			DRB4*01:03:01:13N	
36	INCOV132-BL	A	A*01:03:01	A*03:01:01		A*01:03:02+A*03:01:74		
37	INCOV132-BL	B	B*47:01:01	B*51:01:01				
38	INCOV132-BL	C	C*06:02:01	C*16:01:01				
39	INCOV132-BL	DPA1	DPA1*01:03:01	DPA1*01:03:01				
40	INCOV132-BL	DPB1	DPB1*02:01:02	DPB1*34:01:01				
41	INCOV132-BL	DQA1	DQA1*01:02:01	DQA1*03:01:01				
42	INCOV132-BL	DQB1	DQB1*03:02:01	DQB1*06:09:01				
43	INCOV132-BL	DRB1	DRB1*04:04:01	DRB1*13:02:01				
44	INCOV132-BL	DRB345	DRB3*03:01:01	DRB4*01:03:03				
45	INCOV133-BL	A	A*02:01:01	A*26:01:01		A*02:01:170+A*26:01:43		
46	INCOV133-BL	B	B*08:01:01	B*15:10:01				
47	INCOV133-BL	C	C*03:04:01	C*03:04:02				
48	INCOV133-BL	DPA1	DPA1*01:03:01	DPA1*02:01:01				DPA1*02:29
49	INCOV133-BL	DPB1	DPB1*04:01:01	DPB1*131:01:01				
50	INCOV133-BL	DQA1	DQA1*01:02:01	DQA1*05:05:01				
51	INCOV133-BL	DQB1	DQB1*03:19:01	DQB1*05:02:01				
52	INCOV133-BL	DRB1	DRB1*11:01:02	DRB1*13:04				
53	INCOV133-BL	DRB345	DRB3*02:02:01	DRB3*03:01:01				
54	INCOV134-BL	A	A*01:03:01	A*30:02:01				
55	INCOV134-BL	B	B*07:05:01	B*41:01:01				
56	INCOV134-BL	C	C*15:05:02	C*17:01:01				
57	INCOV134-BL	DPA1	DPA1*01:03:01	DPA1*01:03:01				
58	INCOV134-BL	DPB1	DPB1*02:01:02	DPB1*02:01:02				
59	INCOV134-BL	DQA1	DQA1*01:01:02	DQA1*05:01:01				
60	INCOV134-BL	DQB1	DQB1*02:01:01	DQB1*05:01:01				
61	INCOV134-BL	DRB1	DRB1*01:02:01	DRB1*03:01:01				DRB1*03:147
62	INCOV134-BL	DRB345	DRB3*02:02:01	DRB345*Not_Present				
63	INCOV135-BL	A	A*02:01:01	A*24:02:01				
64	INCOV135-BL	B	B*07:02:01	B*39:06:02				
65	INCOV135-BL	C	C*07:02:01	C*07:02:01				
66	INCOV135-BL	DPA1	DPA1*01:03:01	DPA1*01:03:01				
67	INCOV135-BL	DPB1	DPB1*04:01:01	DPB1*04:01:01				
68	INCOV135-BL	DQA1	DQA1*01:02:01	DQA1*03:03:01				
69	INCOV135-BL	DQB1	DQB1*03:01:01	DQB1*06:02:01				
70	INCOV135-BL	DRB1	DRB1*04:01:01	DRB1*15:01:01				
71	INCOV135-BL	DRB345	DRB4*01:03:01	DRB5*01:01:01				
72	INCOV136-BL	A	A*02:06:01	A*02:06:01				
73	INCOV136-BL	B	B*39:05:01	B*39:05:01				
74	INCOV136-BL	C	C*07:02:01	C*07:02:01				
75	INCOV136-BL	DPA1	DPA1*01:03:01	DPA1*02:01:01				DPA1*02:29
76	INCOV136-BL	DPB1	DPB1*04:02:01	DPB1*14:01:01		DPB1*463:01:01+DPB1*854:01		
77	INCOV136-BL	DQA1	DQA1*03:01:01	DQA1*03:01:01				
78	INCOV136-BL	DQB1	DQB1*03:02:01	DQB1*03:02:01				
79	INCOV136-BL	DRB1	DRB1*04:07:01	DRB1*04:07:01				
80	INCOV136-BL	DRB345	DRB4*01:03:01	DRB4*01:03:01				
81	INCOV137-BL	A	A*23:01:01	A*36:01				
82	INCOV137-BL	B	B*14:02:01	B*53:01:01				
83	INCOV137-BL	C	C*04:01:01	C*08:02:01				
84	INCOV137-BL	DPA1	DPA1*02:01:01	DPA1*02:01:07			DPA1*02:29	
85	INCOV137-BL	DPB1	DPB1*13:01:01	DPB1*417:01:02				
86	INCOV137-BL	DQA1	DQA1*05:05:01	DQA1*05:11				
87	INCOV137-BL	DQB1	DQB1*03:01:01	DQB1*03:19:01			DQB1*03:276N	
88	INCOV137-BL	DRB1	DRB1*11:01:02	DRB1*11:02:01				
89	INCOV137-BL	DRB345	DRB3*02:02:01	DRB3*02:02:01				
90	INCOV138-BL	A	A*01:01:01	A*29:02:01		A*01:274+A*29:119		
91	INCOV138-BL	B	B*44:03:01	B*44:03:01				
92	INCOV138-BL	C	C*04:01:01	C*16:01:01				
93	INCOV138-BL	DPA1	DPA1*01:03:01	DPA1*02:01:01				DPA1*02:29
94	INCOV138-BL	DPB1	DPB1*04:01:01	DPB1*11:01:01				
95	INCOV138-BL	DQA1	DQA1*02:01:01	DQA1*02:01:01				
96	INCOV138-BL	DQB1	DQB1*02:02:01	DQB1*02:02:01				
97	INCOV138-BL	DRB1	DRB1*07:01:01	DRB1*07:01:01				
98	INCOV138-BL	DRB345	DRB4*01:01:01	DRB4*01:01:01		DRB4*01:01:01+DRB4*03:01N		
99	INCOV139-BL	A	A*23:01:01	A*74:01:01				
100	INCOV139-BL	B	B*18:85	B*42:01:01				
101	INCOV139-BL	C	C*02:02:02	C*17:01:01				
102	INCOV139-BL	DPA1	DPA1*02:01:01	DPA1*02:01:07		DPA1*02:01:07+DPA1*02:01:08	DPA1*02:29	
103	INCOV139-BL	DPB1	DPB1*01:01:01	DPB1*13:01:01				
104	INCOV139-BL	DQA1	DQA1*02:01:01	DQA1*03:03:01				
105	INCOV139-BL	DQB1	DQB1*02:02:01	DQB1*02:02:01				
106	INCOV139-BL	DRB1	DRB1*07:01:01	DRB1*09:01:02				
107	INCOV139-BL	DRB345	DRB4*01:01:01	DRB4*01:01:01		DRB4*01:01:01+DRB4*03:01N		
108	INCOV140-BL	A	A*11:01:01	A*33:01:01				
109	INCOV140-BL	B	B*14:02:01	B*35:01:01				
110	INCOV140-BL	C	C*04:01:03	C*08:02:01				
111	INCOV140-BL	DPA1	DPA1*01:03:01	DPA1*01:03:01				
112	INCOV140-BL	DPB1	DPB1*02:01:02	DPB1*04:02:01		DPB1*105:01:01+DPB1*416:01:01		
113	INCOV140-BL	DQA1	DQA1*01:01:01	DQA1*01:01:02				
114	INCOV140-BL	DQB1	DQB1*05:01:01	DQB1*05:01:01				
115	INCOV140-BL	DRB1	DRB1*01:01:01	DRB1*01:02:01			DRB1*01:100	
116	INCOV140-BL	DRB345	DRB345*Not_Present	DRB345*Not_Present				
117	INCOV141-BL	A	A*23:01:01	A*68:01:01				
118	INCOV141-BL	B	B*14:01:01	B*44:03:01				
119	INCOV141-BL	C	C*04:09N	C*08:02:01				
120	INCOV141-BL	DPA1	DPA1*01:03:01	DPA1*02:06				
121	INCOV141-BL	DPB1	DPB1*02:01:02	DPB1*05:01:01		DPB1*414:01:01+DPB1*744:01		
122	INCOV141-BL	DQA1	DQA1*01:02:01	DQA1*01:02:01				
123	INCOV141-BL	DQB1	DQB1*06:02:01	DQB1*06:04:01		DQB1*06:39+DQB1*06:84		
124	INCOV141-BL	DRB1	DRB1*13:02:01	DRB1*15:01:01				
125	INCOV141-BL	DRB345	DRB3*03:01:01	DRB5*01:01:01				
126	INCOV142-BL	A	A*24:02:01	A*24:02:01				
127	INCOV142-BL	B	B*40:02:01	B*52:01:01				
128	INCOV142-BL	C	C*03:04:01	C*12:02:02				
129	INCOV142-BL	DPA1	DPA1*02:01:01	DPA1*02:02:02			DPA1*02:29	
130	INCOV142-BL	DPB1	DPB1*09:01:01	DPB1*135:01				
131	INCOV142-BL	DQA1	DQA1*01:03:01	DQA1*03:03:01				
132	INCOV142-BL	DQB1	DQB1*04:01:01	DQB1*06:01:01				
133	INCOV142-BL	DRB1	DRB1*04:05:01	DRB1*15:02:01				
134	INCOV142-BL	DRB345	DRB4*01:03:01	DRB5*01:02				
135	INCOV143-BL	A	A*01:01:01	A*68:01:02				
136	INCOV143-BL	B	B*15:01:01	B*27:05:02				
137	INCOV143-BL	C	C*01:02:01	C*03:03:01				
138	INCOV143-BL	DPA1	DPA1*01:03:01	DPA1*01:03:01				
139	INCOV143-BL	DPB1	DPB1*04:01:01	DPB1*04:01:01				
140	INCOV143-BL	DQA1	DQA1*01:03:01	DQA1*03:03:01				
141	INCOV143-BL	DQB1	DQB1*03:01:01	DQB1*06:03:01				
142	INCOV143-BL	DRB1	DRB1*04:08:01	DRB1*13:01:01				
143	INCOV143-BL	DRB345	DRB3*02:02:01	DRB4*01:03:01				
144	INCOV144-BL	A	A*31:01:02	A*32:01:01				
145	INCOV144-BL	B	B*07:02:01	B*07:02:01				
146	INCOV144-BL	C	C*07:02:01	C*07:02:01				
147	INCOV144-BL	DPA1	DPA1*01:03:01	DPA1*01:03:01				
148	INCOV144-BL	DPB1	DPB1*03:01:01	DPB1*04:01:01		DPB1*124:01:01,DPB1*124:01:02+DPB1*350:01		
149	INCOV144-BL	DQA1	DQA1*01:02:01	DQA1*03:03:01				
150	INCOV144-BL	DQB1	DQB1*03:01:01	DQB1*06:02:01				
151	INCOV144-BL	DRB1	DRB1*04:07:01	DRB1*15:01:01				
152	INCOV144-BL	DRB345	DRB4*01:03:01	DRB5*01:01:01				
153	INCOV145-BL	A	A*02:01:01	A*24:02:01				
154	INCOV145-BL	B	B*07:02:01	B*51:01:01		B*07:381+B*51:230:01		
155	INCOV145-BL	C	C*07:01:01	C*07:02:01				
156	INCOV145-BL	DPA1	DPA1*01:03:01	DPA1*02:01:01				DPA1*02:29
157	INCOV145-BL	DPB1	DPB1*04:01:01	DPB1*10:01:01		DPB1*350:01+DPB1*902:01		
158	INCOV145-BL	DQA1	DQA1*01:02:01	DQA1*05:05:01				
159	INCOV145-BL	DQB1	DQB1*03:01:01	DQB1*06:02:01				
160	INCOV145-BL	DRB1	DRB1*11:03:01	DRB1*15:01:01				
161	INCOV145-BL	DRB345	DRB3*02:02:01	DRB5*01:01:01				
162	INCOV147-BL	A	A*02:01:01	A*29:02:01				
163	INCOV147-BL	B	B*07:02:01	B*15:01:01		B*07:381+B*15:535		
164	INCOV147-BL	C	C*03:04:01	C*07:02:01				
165	INCOV147-BL	DPA1	DPA1*01:03:01	DPA1*01:03:01				
166	INCOV147-BL	DPB1	DPB1*02:01:02	DPB1*04:01:01				
167	INCOV147-BL	DQA1	DQA1*01:02:02	DQA1*03:02:01				
168	INCOV147-BL	DQB1	DQB1*03:03:02	DQB1*05:02:01				
169	INCOV147-BL	DRB1	DRB1*09:01:02	DRB1*16:01:01				
170	INCOV147-BL	DRB345	DRB4*01:03:02	DRB5*02:02:01				
171	INCOV148-BL	A	A*03:01:01	A*24:02:01				
172	INCOV148-BL	B	B*08:01:01	B*14:02:01				
173	INCOV148-BL	C	C*07:01:01	C*08:02:01				
174	INCOV148-BL	DPA1	DPA1*01:03:01	DPA1*01:03:01				
175	INCOV148-BL	DPB1	DPB1*04:01:01	DPB1*04:01:01				
176	INCOV148-BL	DQA1	DQA1*01:01:02	DQA1*05:01:01				
177	INCOV148-BL	DQB1	DQB1*02:01:01	DQB1*05:01:01				
178	INCOV148-BL	DRB1	DRB1*01:02:01	DRB1*03:01:01				DRB1*03:147
179	INCOV148-BL	DRB345	DRB3*01:01:02	DRB345*Not_Present				
180	INCOV149-BL	A	A*02:01:01	A*03:01:01				
181	INCOV149-BL	B	B*07:02:01	B*14:02:01		B*07:381+B*14:64		
182	INCOV149-BL	C	C*07:02:01	C*08:02:01				
183	INCOV149-BL	DPA1	DPA1*01:03:01	DPA1*01:03:01				
184	INCOV149-BL	DPB1	DPB1*03:01:01	DPB1*04:01:01		DPB1*124:01:01,DPB1*124:01:02+DPB1*350:01		
185	INCOV149-BL	DQA1	DQA1*01:01:02	DQA1*02:01:01				
186	INCOV149-BL	DQB1	DQB1*02:02:01	DQB1*05:01:01				
187	INCOV149-BL	DRB1	DRB1*01:02:01	DRB1*07:01:01				
188	INCOV149-BL	DRB345	DRB345*Not_Present	DRB4*01:03:01				
189	INCOV150-BL	A	A*01:01:01	A*30:04:01				
190	INCOV150-BL	B	B*07:02:01	B*50:01:01		B*07:381+B*50:57		
191	INCOV150-BL	C	C*06:02:01	C*07:02:01				
192	INCOV150-BL	DPA1	DPA1*01:03:01	DPA1*01:03:01				
193	INCOV150-BL	DPB1	DPB1*04:01:01	DPB1*04:01:01				
194	INCOV150-BL	DQA1	DQA1*01:02:01	DQA1*02:01:01				
195	INCOV150-BL	DQB1	DQB1*02:02:01	DQB1*06:02:01				
196	INCOV150-BL	DRB1	DRB1*07:01:01	DRB1*15:01:01				
197	INCOV150-BL	DRB345	DRB4*01:03:01	DRB5*01:01:01				
198	INCOV151-BL	A	A*24:02:01	A*26:01:01				
199	INCOV151-BL	B	B*40:06:01	B*56:01:01				B*56:01:01:05S
200	INCOV151-BL	C	C*01:02:01	C*08:01:01				
201	INCOV151-BL	DPA1	DPA1*02:02:02	DPA1*02:07:01				
202	INCOV151-BL	DPB1	DPB1*02:02:01	DPB1*19:01:01				
203	INCOV151-BL	DQA1	DQA1*03:01:01	DQA1*03:02:01				
204	INCOV151-BL	DQB1	DQB1*03:02:01	DQB1*03:03:02				
205	INCOV151-BL	DRB1	DRB1*04:03:01	DRB1*09:01:02				
206	INCOV151-BL	DRB345	DRB4*01:03:01	DRB4*01:03:02				
207	INCOV152-BL	A	A*23:01:01	A*24:02:01		A*23:17:01+A*24:463		
208	INCOV152-BL	B	B*39:06:02	B*40:01:02				
209	INCOV152-BL	C	C*03:04:01	C*07:02:01				
210	INCOV152-BL	DPA1	DPA1*01:03:01	DPA1*01:03:01				
211	INCOV152-BL	DPB1	DPB1*04:01:01	DPB1*06:01:01		DPB1*350:01+DPB1*914:01		
212	INCOV152-BL	DQA1	DQA1*04:01:01	DQA1*05:05:01				
213	INCOV152-BL	DQB1	DQB1*03:01:01	DQB1*04:02:01				
214	INCOV152-BL	DRB1	DRB1*08:01:01	DRB1*11:01:01				
215	INCOV152-BL	DRB345	DRB3*02:02:01	DRB345*Not_Present				
216	INCOV153-BL	A	A*01:01:01	A*68:01:02				
217	INCOV153-BL	B	B*08:01:01	B*40:01:02				
218	INCOV153-BL	C	C*03:04:01	C*07:01:01				
219	INCOV153-BL	DPA1	DPA1*01:03:01	DPA1*01:03:01				
220	INCOV153-BL	DPB1	DPB1*04:01:01	DPB1*04:01:01				
221	INCOV153-BL	DQA1	DQA1*03:03:01	DQA1*05:01:01				
222	INCOV153-BL	DQB1	DQB1*02:01:01	DQB1*03:01:01				
223	INCOV153-BL	DRB1	DRB1*03:01:01	DRB1*04:01:01			DRB1*03:147	
224	INCOV153-BL	DRB345	DRB3*01:01:02	DRB4*01:03:01				
225	INCOV154-BL	A	A*02:01:01	A*23:01:01				
226	INCOV154-BL	B	B*44:03:01	B*49:01:01				
227	INCOV154-BL	C	C*04:01:01	C*07:01:01				
228	INCOV154-BL	DPA1	DPA1*01:03:01	DPA1*01:03:01				
229	INCOV154-BL	DPB1	DPB1*02:01:02	DPB1*04:01:01				
230	INCOV154-BL	DQA1	DQA1*01:01:02	DQA1*02:01:01				
231	INCOV154-BL	DQB1	DQB1*02:02:01	DQB1*05:01:01				
232	INCOV154-BL	DRB1	DRB1*01:02:01	DRB1*07:01:01				
233	INCOV154-BL	DRB345	DRB345*Not_Present	DRB4*01:01:01				
234	INCOV155-BL	A	A*01:01:01	A*03:01:01				
235	INCOV155-BL	B	B*07:02:01	B*08:01:01				
236	INCOV155-BL	C	C*07:01:01	C*07:02:01				
237	INCOV155-BL	DPA1	DPA1*01:03:01	DPA1*02:01:01				DPA1*02:29
238	INCOV155-BL	DPB1	DPB1*04:01:01	DPB1*13:01:01				
239	INCOV155-BL	DQA1	DQA1*01:02:01	DQA1*05:01:01				
240	INCOV155-BL	DQB1	DQB1*02:01:01	DQB1*06:02:01				
241	INCOV155-BL	DRB1	DRB1*03:01:01	DRB1*15:01:01			DRB1*03:147	
242	INCOV155-BL	DRB345	DRB3*01:01:02	DRB5*01:01:01				
243	INCOV156-BL	A	A*02:01:01	A*24:02:01				
244	INCOV156-BL	B	B*39:02:02	B*39:05:01				
245	INCOV156-BL	C	C*07:02:01	C*07:02:01				
246	INCOV156-BL	DPA1	DPA1*01:03:01	DPA1*01:03:01				
247	INCOV156-BL	DPB1	DPB1*04:02:01	DPB1*04:02:01				
248	INCOV156-BL	DQA1	DQA1*03:01:01	DQA1*05:05:01				
249	INCOV156-BL	DQB1	DQB1*03:01:01	DQB1*03:02:01				
250	INCOV156-BL	DRB1	DRB1*04:07:01	DRB1*16:02:01				
251	INCOV156-BL	DRB345	DRB4*01:03:01	DRB5*02:02:01				
252	INCOV157-BL	A	A*02:05:01	A*29:02:01				
253	INCOV157-BL	B	B*44:03:01	B*50:01:01		B*44:302+B*50:57		
254	INCOV157-BL	C	C*06:02:01	C*16:01:01				
255	INCOV157-BL	DPA1	DPA1*01:03:01	DPA1*02:01:01				DPA1*02:29
256	INCOV157-BL	DPB1	DPB1*04:02:01	DPB1*11:01:01				
257	INCOV157-BL	DQA1	DQA1*01:02:01	DQA1*02:01:01				
258	INCOV157-BL	DQB1	DQB1*02:02:01	DQB1*06:04:01				
259	INCOV157-BL	DRB1	DRB1*07:01:01	DRB1*13:02:01				
260	INCOV157-BL	DRB345	DRB3*03:01:01	DRB4*01:01:01				
261	INCOV158-BL	A	A*01:01:01	A*11:01:01				
262	INCOV158-BL	B	B*46:01:01	B*55:01:01				
263	INCOV158-BL	C	C*01:02:01	C*01:02:01				
264	INCOV158-BL	DPA1	DPA1*02:01:01	DPA1*02:07:01			DPA1*02:29	
265	INCOV158-BL	DPB1	DPB1*01:01:01	DPB1*02:02:01				
266	INCOV158-BL	DQA1	DQA1*03:02:01	DQA1*03:02:01				
267	INCOV158-BL	DQB1	DQB1*03:03:02	DQB1*03:03:04				
268	INCOV158-BL	DRB1	DRB1*09:01:02	DRB1*09:01:02				
269	INCOV158-BL	DRB345	DRB4*01:03:01	DRB4*01:03:02				
270	INCOV160-BL	A	A*01:03:01	A*01:03:01				
271	INCOV160-BL	B	B*15:17:01	B*57:02:01				
272	INCOV160-BL	C	C*17:01:01	C*18:02:01				
273	INCOV160-BL	DPA1	DPA1*01:03:01	DPA1*01:04				
274	INCOV160-BL	DPB1	DPB1*02:01:02	DPB1*15:01:01				
275	INCOV160-BL	DQA1	DQA1*01:01:02	DQA1*01:01:02				
276	INCOV160-BL	DQB1	DQB1*05:01:01	DQB1*05:01:01				
277	INCOV160-BL	DRB1	DRB1*01:02:01	DRB1*01:02:01				
278	INCOV160-BL	DRB345	DRB345*Not_Present	DRB345*Not_Present				
279	INCOV161-BL	A	A*02:01:01	A*29:02:01				
280	INCOV161-BL	B	B*44:02:01	B*44:03:01				
281	INCOV161-BL	C	C*05:01:01	C*16:01:01				
282	INCOV161-BL	DPA1	DPA1*01:03:01	DPA1*02:01:01				DPA1*02:29
283	INCOV161-BL	DPB1	DPB1*04:02:01	DPB1*11:01:01				
284	INCOV161-BL	DQA1	DQA1*02:01:01	DQA1*03:03:01				
285	INCOV161-BL	DQB1	DQB1*02:02:01	DQB1*03:01:01				
286	INCOV161-BL	DRB1	DRB1*04:01:01	DRB1*07:01:01				
287	INCOV161-BL	DRB345	DRB4*01:01:01	DRB4*01:03:01			DRB4*03:01N	
288	INCOV162-BL	A	A*11:01:01	A*24:02:01				
289	INCOV162-BL	B	B*40:02:01	B*44:02:01				
290	INCOV162-BL	C	C*05:01:01	C*15:02:01				C*15:176
291	INCOV162-BL	DPA1	DPA1*01:03:01	DPA1*01:03:01				
292	INCOV162-BL	DPB1	DPB1*03:01:01	DPB1*04:01:01		DPB1*124:01:01,DPB1*124:01:02+DPB1*350:01		
293	INCOV162-BL	DQA1	DQA1*01:01:01	DQA1*01:04:01				
294	INCOV162-BL	DQB1	DQB1*05:01:01	DQB1*05:03:01				
295	INCOV162-BL	DRB1	DRB1*01:01:01	DRB1*14:08			DRB1*01:100	
296	INCOV162-BL	DRB345	DRB3*01:01:02	DRB345*Not_Present				
297	INCOV163-BL	A	A*24:25	A*33:03:01				
298	INCOV163-BL	B	B*35:22:01	B*53:01:01				
299	INCOV163-BL	C	C*04:01:01	C*04:01:01				
300	INCOV163-BL	DPA1	DPA1*02:01:01	DPA1*02:01:01			DPA1*02:29	DPA1*02:29
301	INCOV163-BL	DPB1	DPB1*01:01:02	DPB1*14:01:01				
302	INCOV163-BL	DQA1	DQA1*04:01:02	DQA1*05:03:01				
303	INCOV163-BL	DQB1	DQB1*03:01:01	DQB1*03:19:01			DQB1*03:276N	
304	INCOV163-BL	DRB1	DRB1*08:02:01	DRB1*08:04:01				
305	INCOV163-BL	DRB345	DRB345*Not_Present	DRB345*Not_Present				
306	INCOV164-BL	A	A*02:01:01	A*03:01:01				
307	INCOV164-BL	B	B*08:01:01	B*15:01:01				
308	INCOV164-BL	C	C*03:04:01	C*07:01:01				
309	INCOV164-BL	DPA1	DPA1*01:03:01	DPA1*02:01:02				
310	INCOV164-BL	DPB1	DPB1*01:01:01	DPB1*04:01:01				
311	INCOV164-BL	DQA1	DQA1*03:01:01	DQA1*05:01:01				
312	INCOV164-BL	DQB1	DQB1*02:01:01	DQB1*03:02:01				
313	INCOV164-BL	DRB1	DRB1*03:01:01	DRB1*04:01:01			DRB1*03:147	
314	INCOV164-BL	DRB345	DRB3*01:01:02	DRB4*01:03:01				
0	INCOV165-BL	A	A*02:05:01	A*23:01:01				
1	INCOV165-BL	B	B*14:02:01	B*50:01:01				
2	INCOV165-BL	C	C*06:02:01	C*08:02:01				
3	INCOV165-BL	DPA1	DPA1*01:03:01	DPA1*02:01:01				DPA1*02:29
4	INCOV165-BL	DPB1	DPB1*02:01:02	DPB1*14:01:01				
5	INCOV165-BL	DQA1	DQA1*02:01:01	DQA1*05:01:01				
6	INCOV165-BL	DQB1	DQB1*02:01:01	DQB1*02:02:01				
7	INCOV165-BL	DRB1	DRB1*03:01:01	DRB1*07:01:01			DRB1*03:147	
8	INCOV165-BL	DRB345	DRB3*02:02:01	DRB4*01:03:01				
9	INCOV166-BL	A	A*24:02:01	A*24:02:01				
10	INCOV166-BL	B	B*40:02:01	B*48:01:01				
11	INCOV166-BL	C	C*03:03:01	C*07:02:01				
12	INCOV166-BL	DPA1	DPA1*02:02:02	DPA1*02:02:02				
13	INCOV166-BL	DPB1	DPB1*04:01:01	DPB1*05:01:01		DPB1*350:01+DPB1*744:01		
14	INCOV166-BL	DQA1	DQA1*01:01:01	DQA1*01:02:01				
15	INCOV166-BL	DQB1	DQB1*05:01:24	DQB1*05:02:01				
16	INCOV166-BL	DRB1	DRB1*15:02:01	DRB1*15:02:01				
17	INCOV166-BL	DRB345	DRB5*01:01:01	DRB5*01:02				
18	INCOV167-BL	A	A*11:01:01	A*34:01:01				
19	INCOV167-BL	B	B*15:06	B*51:01:02				
20	INCOV167-BL	C	C*04:01:01	C*04:03:01				
21	INCOV167-BL	DPA1	DPA1*02:02:02	DPA1*02:02:02				
22	INCOV167-BL	DPB1	DPB1*01:01:01	DPB1*05:01:01				
23	INCOV167-BL	DQA1	DQA1*01:02:01	DQA1*01:02:01				
24	INCOV167-BL	DQB1	DQB1*05:02:01	DQB1*06:01:01				
25	INCOV167-BL	DRB1	DRB1*15:02:01	DRB1*15:02:01				
26	INCOV167-BL	DRB345	DRB5*01:01:01	DRB5*01:01:01				
27	INCOV168-BL	A	A*02:07:01	A*11:01:01				
28	INCOV168-BL	B	B*07:05:01	B*46:01:01				
29	INCOV168-BL	C	C*01:02:01	C*15:05:02				
30	INCOV168-BL	DPA1	DPA1*01:03:01	DPA1*04:01:01				
31	INCOV168-BL	DPB1	DPB1*104:01:01	DPB1*107:01				
32	INCOV168-BL	DQA1	DQA1*01:05:01	DQA1*06:01:01				
33	INCOV168-BL	DQB1	DQB1*03:01:01	DQB1*05:01:01				
34	INCOV168-BL	DRB1	DRB1*10:01:01	DRB1*12:02:01				
35	INCOV168-BL	DRB345	DRB3*03:01:03	DRB345*Not_Present				
36	INCOV169-BL	A	A*02:01:01	A*23:05				
37	INCOV169-BL	B	B*07:02:01	B*15:03:01				
38	INCOV169-BL	C	C*02:10:01	C*07:02:01				
39	INCOV169-BL	DPA1	DPA1*01:03:01	DPA1*02:01:01				DPA1*02:29
40	INCOV169-BL	DPB1	DPB1*04:01:01	DPB1*17:01:01				
41	INCOV169-BL	DQA1	DQA1*02:01:01	DQA1*05:03:01				
42	INCOV169-BL	DQB1	DQB1*02:02:01	DQB1*03:01:01				
43	INCOV169-BL	DRB1	DRB1*07:01:01	DRB1*14:02:01				
44	INCOV169-BL	DRB345	DRB3*01:01:02	DRB4*01:03:01				
45	INCOV170-BL	A	A*02:01:01	A*11:01:01				
46	INCOV170-BL	B	B*44:02:01	B*55:01:01				
47	INCOV170-BL	C	C*03:03:01	C*07:04:01				
48	INCOV170-BL	DPA1	DPA1*01:03:01	DPA1*01:03:01				
49	INCOV170-BL	DPB1	DPB1*04:01:01	DPB1*52:01		DPB1*350:01+DPB1*52:01		
50	INCOV170-BL	DQA1	DQA1*01:04:01	DQA1*03:01:01				
51	INCOV170-BL	DQB1	DQB1*03:02:01	DQB1*05:03:01				
52	INCOV170-BL	DRB1	DRB1*04:03:01	DRB1*14:54:01				DRB1*14:216
53	INCOV170-BL	DRB345	DRB3*02:02:01	DRB4*01:03:01				
54	INCOV171-BL	A	A*02:06:01	A*34:01:01				
55	INCOV171-BL	B	B*40:01:02	B*40:01:02				
56	INCOV171-BL	C	C*04:82	C*04:82				
57	INCOV171-BL	DPA1	DPA1*01:03:01	DPA1*02:02:02				
58	INCOV171-BL	DPB1	DPB1*352:01:02	DPB1*744:01				
59	INCOV171-BL	DQA1	DQA1*03:01:01	DQA1*03:01:01				
60	INCOV171-BL	DQB1	DQB1*03:02:01	DQB1*03:02:01				
61	INCOV171-BL	DRB1	DRB1*04:03:01	DRB1*04:03:01				
62	INCOV171-BL	DRB345	DRB4*01:03:01	DRB4*01:03:01				
63	INCOV172-BL	A	A*02:01:01	A*02:02:01				
64	INCOV172-BL	B	B*15:03:01	B*45:01:01				
65	INCOV172-BL	C	C*04:01:01	C*16:01:01				
66	INCOV172-BL	DPA1	DPA1*02:01:01	DPA1*02:02:02			DPA1*02:29	
67	INCOV172-BL	DPB1	DPB1*01:01:01	DPB1*17:01:01		DPB1*131:01:01+DPB1*162:01:02		
68	INCOV172-BL	DQA1	DQA1*03:03:01	DQA1*03:03:01				
69	INCOV172-BL	DQB1	DQB1*02:02:01	DQB1*03:02:01				
70	INCOV172-BL	DRB1	DRB1*04:05:01	DRB1*09:01:02				
71	INCOV172-BL	DRB345	DRB4*01:01:01	DRB4*01:03:01			DRB4*03:01N	
72	INCOV173-BL	A	A*24:02:01	A*68:03:01				
73	INCOV173-BL	B	B*39:05:01	B*51:01:01				
74	INCOV173-BL	C	C*07:02:01	C*15:02:01				C*15:176
75	INCOV173-BL	DPA1	DPA1*01:03:01	DPA1*01:03:01				
76	INCOV173-BL	DPB1	DPB1*04:02:01	DPB1*04:02:01				
77	INCOV173-BL	DQA1	DQA1*03:01:01	DQA1*03:01:01				
78	INCOV173-BL	DQB1	DQB1*03:02:01	DQB1*03:02:01				
79	INCOV173-BL	DRB1	DRB1*04:04:01	DRB1*04:07:01				
80	INCOV173-BL	DRB345	DRB4*01:03:01	DRB4*01:03:02				
81	INCOV174-BL	A	A*02:01:01	A*24:03:01				
82	INCOV174-BL	B	B*27:05:02	B*44:03:01				
83	INCOV174-BL	C	C*01:02:01	C*04:01:01				
84	INCOV174-BL	DPA1	DPA1*01:03:01	DPA1*02:01:01				DPA1*02:29
85	INCOV174-BL	DPB1	DPB1*04:02:01	DPB1*17:01:01		DPB1*105:01:01+DPB1*460:01		
86	INCOV174-BL	DQA1	DQA1*01:03:01	DQA1*05:05:01				
87	INCOV174-BL	DQB1	DQB1*03:01:01	DQB1*06:03:01				
88	INCOV174-BL	DRB1	DRB1*11:01:01	DRB1*13:01:01				
89	INCOV174-BL	DRB345	DRB3*01:01:02	DRB3*02:02:01				
90	INCOV175-BL	A	A*24:07:01	A*34:01:01				
91	INCOV175-BL	B	B*15:13:01	B*15:35				
92	INCOV175-BL	C	C*07:02:01	C*08:01:01				
93	INCOV175-BL	DPA1	DPA1*02:02:02	DPA1*02:02:02				
94	INCOV175-BL	DPB1	DPB1*01:01:01	DPB1*13:01:01				
95	INCOV175-BL	DQA1	DQA1*03:03:01	DQA1*06:01:01				
96	INCOV175-BL	DQB1	DQB1*03:01:01	DQB1*04:02:01				
97	INCOV175-BL	DRB1	DRB1*04:05:01	DRB1*12:02:01				
98	INCOV175-BL	DRB345	DRB3*03:01:03	DRB4*01:03:01				
99	INCOV176-BL	A	A*24:02:01	A*24:07:01				
100	INCOV176-BL	B	B*35:05:01	B*48:01:01				
101	INCOV176-BL	C	C*04:01:01	C*08:01:01				
102	INCOV176-BL	DPA1	DPA1*02:01:01	DPA1*02:02:02			DPA1*02:29	
103	INCOV176-BL	DPB1	DPB1*05:01:01	DPB1*13:01:01				
104	INCOV176-BL	DQA1	DQA1*01:01:01	DQA1*03:02:01				
105	INCOV176-BL	DQB1	DQB1*03:03:02	DQB1*05:01:24				
106	INCOV176-BL	DRB1	DRB1*09:01:02	DRB1*15:02:01				
107	INCOV176-BL	DRB345	DRB4*01:03:02	DRB5*01:08:01N				
108	INCOV177-BL	A	A*24:02:01	A*24:07:01				
109	INCOV177-BL	B	B*27:06:01	B*35:05:01				
110	INCOV177-BL	C	C*03:04:01	C*04:01:01				
111	INCOV177-BL	DPA1	DPA1*02:02:02	DPA1*02:02:02				
112	INCOV177-BL	DPB1	DPB1*05:01:01	DPB1*05:01:01				
113	INCOV177-BL	DQA1	DQA1*05:05:01	DQA1*06:01:01				
114	INCOV177-BL	DQB1	DQB1*03:01:01	DQB1*03:01:01		DQB1*03:01:01+DQB1*03:276N		
115	INCOV177-BL	DRB1	DRB1*11:01:01	DRB1*12:02:01				
116	INCOV177-BL	DRB345	DRB3*02:02:01	DRB3*03:01:03				
117	INCOV178-BL	A	A*02:06:01	A*02:06:01				
118	INCOV178-BL	B	B*40:02:01	B*51:02:01				
119	INCOV178-BL	C	C*08:01:01	C*15:02:01				C*15:176
120	INCOV178-BL	DPA1	DPA1*01:03:01	DPA1*01:03:01				
121	INCOV178-BL	DPB1	DPB1*02:01:02	DPB1*04:01:01				
122	INCOV178-BL	DQA1	DQA1*03:01:01	DQA1*04:01:01				
123	INCOV178-BL	DQB1	DQB1*03:02:01	DQB1*04:02:01				
124	INCOV178-BL	DRB1	DRB1*04:04:01	DRB1*08:02:01				
125	INCOV178-BL	DRB345	DRB345*Not_Present	DRB4*01:03:01				
